Vármegye,Település,Becslőjárás
Bács-Kiskun,Ágasegyháza,75
Bács-Kiskun,Akasztó,81
Bács-Kiskun,Apostag,88
Bács-Kiskun,Bácsalmás,149
Bács-Kiskun,Bácsbokod,4
Bács-Kiskun,Bácsborsód,4
Bács-Kiskun,Bácsszentgyörgy,4
Bács-Kiskun,Bácsszőlős,149
Bács-Kiskun,Baja,5
Bács-Kiskun,Ballószög,75
Bács-Kiskun,Balotaszállás,37
Bács-Kiskun,Bátmonostor,4
Bács-Kiskun,Bátya,61
Bács-Kiskun,Bócsa,81
Bács-Kiskun,Borota,5
Bács-Kiskun,Bugac,81
Bács-Kiskun,Bugacpusztaháza,81
Bács-Kiskun,Császártöltés,81
Bács-Kiskun,Csátalja,4
Bács-Kiskun,Csávoly,4
Bács-Kiskun,Csengőd,81
Bács-Kiskun,Csikéria,149
Bács-Kiskun,Csólyospálos,36
Bács-Kiskun,Dávod,4
Bács-Kiskun,Drágszél,61
Bács-Kiskun,Dunaegyháza,88
Bács-Kiskun,Dunafalva,108
Bács-Kiskun,Dunapataj,61
Bács-Kiskun,Dunaszentbenedek,61
Bács-Kiskun,Dunatetétlen,88
Bács-Kiskun,Dunavecse,88
Bács-Kiskun,Dusnok,61
Bács-Kiskun,Érsekcsanád,61
Bács-Kiskun,Érsekhalma,61
Bács-Kiskun,Fajsz,61
Bács-Kiskun,Felsőlajos,75
Bács-Kiskun,Felsőszentiván,4
Bács-Kiskun,Foktő,61
Bács-Kiskun,Fülöpháza,89
Bács-Kiskun,Fülöpjakab,36
Bács-Kiskun,Fülöpszállás,89
Bács-Kiskun,Gara,4
Bács-Kiskun,Gátér,36
Bács-Kiskun,Géderlak,61
Bács-Kiskun,Hajós,61
Bács-Kiskun,Harkakötöny,81
Bács-Kiskun,Harta,88
Bács-Kiskun,Helvécia,75
Bács-Kiskun,Hercegszántó,4
Bács-Kiskun,Homokmégy,61
Bács-Kiskun,Imrehegy,81
Bács-Kiskun,Izsák,81
Bács-Kiskun,Jakabszállás,81
Bács-Kiskun,Jánoshalma,5
Bács-Kiskun,Jászszentlászló,36
Bács-Kiskun,Kalocsa,61
Bács-Kiskun,Kaskantyú,81
Bács-Kiskun,Katymár,4
Bács-Kiskun,Kecel,81
Bács-Kiskun,Kecskemét,75
Bács-Kiskun,Kelebia,149
Bács-Kiskun,Kéleshalom,5
Bács-Kiskun,Kerekegyháza,75
Bács-Kiskun,Kiskőrös,81
Bács-Kiskun,Kiskunfélegyháza,36
Bács-Kiskun,Kiskunhalas,37
Bács-Kiskun,Kiskunmajsa,36
Bács-Kiskun,Kisszállás,5
Bács-Kiskun,Kömpöc,36
Bács-Kiskun,Kunadacs,145
Bács-Kiskun,Kunbaja,149
Bács-Kiskun,Kunbaracs,145
Bács-Kiskun,Kunfehértó,37
Bács-Kiskun,Kunpeszér,145
Bács-Kiskun,Kunszállás,36
Bács-Kiskun,Kunszentmiklós,89
Bács-Kiskun,Ladánybene,75
Bács-Kiskun,Lajosmizse,75
Bács-Kiskun,Lakitelek,75
Bács-Kiskun,Madaras,4
Bács-Kiskun,Mátételke,4
Bács-Kiskun,Mélykút,4
Bács-Kiskun,Miske,61
Bács-Kiskun,Móricgát,36
Bács-Kiskun,Nagybaracska,4
Bács-Kiskun,Nemesnádudvar,61
Bács-Kiskun,Nyárlőrinc,75
Bács-Kiskun,Ordas,61
Bács-Kiskun,Orgovány,81
Bács-Kiskun,Öregcsertő,61
Bács-Kiskun,Páhi,81
Bács-Kiskun,Pálmonostora,36
Bács-Kiskun,Petőfiszállás,36
Bács-Kiskun,Pirtó,37
Bács-Kiskun,Rém,5
Bács-Kiskun,Solt,88
Bács-Kiskun,Soltszentimre,81
Bács-Kiskun,Soltvadkert,81
Bács-Kiskun,Sükösd,61
Bács-Kiskun,Szabadszállás,89
Bács-Kiskun,Szakmár,61
Bács-Kiskun,Szalkszentmárton,88
Bács-Kiskun,Szank,36
Bács-Kiskun,Szentkirály,75
Bács-Kiskun,Szeremle,4
Bács-Kiskun,Tabdi,81
Bács-Kiskun,Tass,88
Bács-Kiskun,Tataháza,4
Bács-Kiskun,Tázlár,81
Bács-Kiskun,Tiszaalpár,75
Bács-Kiskun,Tiszakécske,75
Bács-Kiskun,Tiszaug,104
Bács-Kiskun,Tompa,149
Bács-Kiskun,Újsolt,88
Bács-Kiskun,Újtelek,61
Bács-Kiskun,Uszód,61
Bács-Kiskun,Városföld,75
Bács-Kiskun,Vaskút,5
Bács-Kiskun,Zsana,37
Baranya,Abaliget,97
Baranya,Adorjás,141
Baranya,Ág,97
Baranya,Almamellék,165
Baranya,Almáskeresztúr,165
Baranya,Alsómocsolád,97
Baranya,Alsószentmárton,141
Baranya,Apátvarasd,108
Baranya,Aranyosgadány,126
Baranya,Áta,126
Baranya,Babarc,107
Baranya,Babarcszőlős,161
Baranya,Bakóca,97
Baranya,Bakonya,161
Baranya,Baksa,161
Baranya,Bánfa,161
Baranya,Bár,108
Baranya,Baranyahídvég,141
Baranya,Baranyajenő,97
Baranya,Baranyaszentgyörgy,97
Baranya,Basal,165
Baranya,Belvárdgyula,126
Baranya,Beremend,141
Baranya,Berkesd,108
Baranya,Besence,141
Baranya,Bezedek,107
Baranya,Bicsérd,161
Baranya,Bikal,97
Baranya,Birján,126
Baranya,Bisse,142
Baranya,Boda,161
Baranya,Bodolyabér,97
Baranya,Bogád,126
Baranya,Bogádmindszent,161
Baranya,Bogdása,161
Baranya,Boldogasszonyfa,165
Baranya,Bóly,107
Baranya,Borjád,107
Baranya,Bosta,126
Baranya,Botykapeterd,161
Baranya,Bükkösd,162
Baranya,Bürüs,166
Baranya,Cún,141
Baranya,Csányoszró,141
Baranya,Csarnóta,142
Baranya,Csebény,162
Baranya,Cserdi,161
Baranya,Cserkút,127
Baranya,Csertő,165
Baranya,Csonkamindszent,161
Baranya,Dencsháza,161
Baranya,Dinnyeberki,162
Baranya,Diósviszló,140
Baranya,Drávacsehi,141
Baranya,Drávacsepely,141
Baranya,Drávafok,166
Baranya,Drávaiványi,161
Baranya,Drávakeresztúr,166
Baranya,Drávapalkonya,141
Baranya,Drávapiski,141
Baranya,Drávaszabolcs,141
Baranya,Drávaszerdahely,141
Baranya,Drávasztára,166
Baranya,Dunaszekcső,108
Baranya,Egerág,126
Baranya,Egyházasharaszti,141
Baranya,Egyházaskozár,97
Baranya,Ellend,108
Baranya,Endrőc,166
Baranya,Erdősmárok,108
Baranya,Erdősmecske,108
Baranya,Erzsébet,108
Baranya,Fazekasboda,108
Baranya,Feked,108
Baranya,Felsőegerszeg,97
Baranya,Felsőszentmárton,166
Baranya,Garé,126
Baranya,Gerde,161
Baranya,Gerényes,97
Baranya,Geresdlak,108
Baranya,Gilvánfa,161
Baranya,Gordisa,141
Baranya,Gödre,97
Baranya,Görcsöny,126
Baranya,Görcsönydoboka,108
Baranya,Gyód,126
Baranya,Gyöngyfa,161
Baranya,Gyöngyösmellék,166
Baranya,Harkány,140
Baranya,Hásságy,126
Baranya,Hegyhátmaróc,97
Baranya,Hegyszentmárton,161
Baranya,Helesfa,162
Baranya,Hetvehely,97
Baranya,Hidas,155
Baranya,Himesháza,108
Baranya,Hirics,141
Baranya,Hobol,165
Baranya,Homorúd,107
Baranya,Horváthertelend,162
Baranya,Hosszúhetény,127
Baranya,Husztót,97
Baranya,Ibafa,162
Baranya,Illocska,107
Baranya,Ipacsfa,140
Baranya,Ivánbattyán,142
Baranya,Ivándárda,107
Baranya,Kacsóta,161
Baranya,Kákics,161
Baranya,Kárász,97
Baranya,Kásád,141
Baranya,Katádfa,161
Baranya,Kátoly,108
Baranya,Kékesd,108
Baranya,Kémes,141
Baranya,Kemse,141
Baranya,Keszü,126
Baranya,Kétújfalu,166
Baranya,Királyegyháza,161
Baranya,Kisasszonyfa,161
Baranya,Kisbeszterce,97
Baranya,Kisbudmér,126
Baranya,Kisdér,161
Baranya,Kisdobsza,165
Baranya,Kishajmás,97
Baranya,Kisharsány,140
Baranya,Kisherend,126
Baranya,Kisjakabfalva,142
Baranya,Kiskassa,126
Baranya,Kislippó,107
Baranya,Kisnyárád,108
Baranya,Kistamási,166
Baranya,Kistapolca,140
Baranya,Kistótfalu,142
Baranya,Kisvaszar,97
Baranya,Kisszentmárton,141
Baranya,Komló,97
Baranya,Kórós,141
Baranya,Kovácshida,141
Baranya,Kovácsszénája,97
Baranya,Kozármisleny,126
Baranya,Köblény,97
Baranya,Kökény,126
Baranya,Kölked,107
Baranya,Kővágószőlős,127
Baranya,Kővágótöttös,127
Baranya,Lánycsók,107
Baranya,Lapáncsa,107
Baranya,Liget,97
Baranya,Lippó,107
Baranya,Liptód,108
Baranya,Lothárd,126
Baranya,Lovászhetény,108
Baranya,Lúzsok,141
Baranya,Mágocs,96
Baranya,Magyarbóly,107
Baranya,Magyaregregy,97
Baranya,Magyarhertelend,97
Baranya,Magyarlukafa,165
Baranya,Magyarmecske,161
Baranya,Magyarsarlós,126
Baranya,Magyarszék,97
Baranya,Magyartelek,161
Baranya,Majs,107
Baranya,Mánfa,97
Baranya,Maráza,108
Baranya,Márfa,140
Baranya,Máriakéménd,108
Baranya,Markóc,166
Baranya,Marócsa,161
Baranya,Márok,107
Baranya,Martonfa,126
Baranya,Matty,141
Baranya,Máza,97
Baranya,Mecseknádasd,108
Baranya,Mecsekpölöske,97
Baranya,Mekényes,97
Baranya,Merenye,165
Baranya,Meződ,97
Baranya,Mindszentgodisa,97
Baranya,Mohács,107
Baranya,Molvány,166
Baranya,Monyoród,108
Baranya,Mozsgó,165
Baranya,Nagybudmér,126
Baranya,Nagycsány,141
Baranya,Nagydobsza,165
Baranya,Nagyhajmás,97
Baranya,Nagyharsány,140
Baranya,Nagykozár,126
Baranya,Nagynyárád,107
Baranya,Nagypall,108
Baranya,Nagypeterd,161
Baranya,Nagytótfalu,140
Baranya,Nagyváty,161
Baranya,Nemeske,166
Baranya,Nyugotszenterzsébet,162
Baranya,Óbánya,108
Baranya,Ócsárd,126
Baranya,Ófalu,108
Baranya,Okorág,161
Baranya,Okorvölgy,97
Baranya,Olasz,126
Baranya,Old,141
Baranya,Orfű,97
Baranya,Oroszló,97
Baranya,Ózdfalu,161
Baranya,Palé,97
Baranya,Palkonya,142
Baranya,Palotabozsok,108
Baranya,Páprád,141
Baranya,Patapoklosi,165
Baranya,Pécs,126
Baranya,Pécsbagota,161
Baranya,Pécsdevecser,126
Baranya,Pécsudvard,126
Baranya,Pécsvárad,108
Baranya,Pellérd,126
Baranya,Pereked,108
Baranya,Peterd,126
Baranya,Pettend,166
Baranya,Piskó,141
Baranya,Pócsa,107
Baranya,Pogány,126
Baranya,Rádfalva,141
Baranya,Regenye,126
Baranya,Romonya,126
Baranya,Rózsafa,161
Baranya,Sámod,141
Baranya,Sárok,22
Baranya,Sásd,97
Baranya,Sátorhely,107
Baranya,Sellye,161
Baranya,Siklós,140
Baranya,Siklósbodony,161
Baranya,Siklósnagyfalu,140
Baranya,Somberek,108
Baranya,Somogyapáti,165
Baranya,Somogyhárságy,165
Baranya,Somogyhatvan,165
Baranya,Somogyviszló,165
Baranya,Sósvertike,161
Baranya,Sumony,161
Baranya,Szabadszentkirály,161
Baranya,Szágy,97
Baranya,Szajk,107
Baranya,Szalánta,126
Baranya,Szalatnak,97
Baranya,Szaporca,141
Baranya,Szárász,97
Baranya,Szászvár,97
Baranya,Szava,142
Baranya,Szebény,108
Baranya,Szederkény,107
Baranya,Székelyszabar,108
Baranya,Szellő,108
Baranya,Szemely,126
Baranya,Szentdénes,161
Baranya,Szentegát,161
Baranya,Szentkatalin,97
Baranya,Szentlászló,165
Baranya,Szentlőrinc,161
Baranya,Szigetvár,165
Baranya,Szilágy,108
Baranya,Szilvás,126
Baranya,Szőke,126
Baranya,Szőkéd,126
Baranya,Szörény,166
Baranya,Szulimán,165
Baranya,Szűr,108
Baranya,Tarrós,97
Baranya,Tékes,97
Baranya,Teklafalu,166
Baranya,Tengeri,161
Baranya,Tésenfa,141
Baranya,Téseny,161
Baranya,Tófű,97
Baranya,Tormás,97
Baranya,Tótszentgyörgy,165
Baranya,Töttös,107
Baranya,Túrony,142
Baranya,Udvar,107
Baranya,Újpetre,126
Baranya,Vajszló,141
Baranya,Várad,166
Baranya,Varga,97
Baranya,Vásárosbéc,165
Baranya,Vásárosdombó,96
Baranya,Vázsnok,97
Baranya,Vejti,141
Baranya,Vékény,97
Baranya,Velény,161
Baranya,Véménd,108
Baranya,Versend,107
Baranya,Villány,107
Baranya,Villánykövesd,142
Baranya,Vokány,142
Baranya,Zádor,166
Baranya,Zaláta,141
Baranya,Zengővárkony,108
Baranya,Zók,161
Békés,Almáskamarás,3
Békés,Battonya,9
Békés,Békés,10
Békés,Békéscsaba,11
Békés,Békéssámson,11
Békés,Békésszentandrás,150
Békés,Bélmegyer,10
Békés,Biharugra,119
Békés,Bucsa,10
Békés,Csabacsűd,150
Békés,Csabaszabadi,11
Békés,Csanádapáca,9
Békés,Csárdaszállás,10
Békés,Csorvás,11
Békés,Dévaványa,71
Békés,Doboz,11
Békés,Dombegyház,9
Békés,Dombiratos,9
Békés,Ecsegfalva,71
Békés,Elek,3
Békés,Füzesgyarmat,10
Békés,Gádoros,11
Békés,Gerendás,11
Békés,Geszt,117
Békés,Gyomaendrőd,150
Békés,Gyula,11
Békés,Hunya,150
Békés,Kamut,10
Békés,Kardos,150
Békés,Kardoskút,53
Békés,Kaszaper,9
Békés,Kertészsziget,10
Békés,Kétegyháza,11
Békés,Kétsoprony,11
Békés,Kevermes,9
Békés,Kisdombegyház,9
Békés,Kondoros,150
Békés,Körösladány,10
Békés,Körösnagyharsány,119
Békés,Köröstarcsa,10
Békés,Körösújfalu,10
Békés,Kötegyán,117
Békés,Kunágota,9
Békés,Lőkösháza,3
Békés,Magyarbánhegyes,9
Békés,Magyardombegyház,9
Békés,Medgyesbodzás,3
Békés,Medgyesegyháza,3
Békés,Méhkerék,117
Békés,Mezőberény,10
Békés,Mezőgyán,117
Békés,Mezőhegyes,9
Békés,Mezőkovácsháza,9
Békés,Murony,10
Békés,Nagybánhegyes,9
Békés,Nagykamarás,3
Békés,Nagyszénás,11
Békés,Okány,117
Békés,Orosháza,11
Békés,Örménykút,150
Békés,Pusztaföldvár,11
Békés,Pusztaottlaka,3
Békés,Sarkad,117
Békés,Sarkadkeresztúr,117
Békés,Szabadkígyós,11
Békés,Szarvas,150
Békés,Szeghalom,10
Békés,Tarhos,10
Békés,Telekgerendás,11
Békés,Tótkomlós,11
Békés,Újkígyós,11
Békés,Újszalonta,117
Békés,Végegyháza,9
Békés,Vésztő,10
Békés,Zsadány,117
Borsod-Abaúj-Zemplén,Abaújalpár,167
Borsod-Abaúj-Zemplén,Abaújkér,167
Borsod-Abaúj-Zemplén,Abaújlak,167
Borsod-Abaúj-Zemplén,Abaújszántó,167
Borsod-Abaúj-Zemplén,Abaújszolnok,167
Borsod-Abaúj-Zemplén,Abaújvár,73
Borsod-Abaúj-Zemplén,Abod,29
Borsod-Abaúj-Zemplén,Aggtelek,132
Borsod-Abaúj-Zemplén,Alacska,133
Borsod-Abaúj-Zemplén,Alsóberecki,79
Borsod-Abaúj-Zemplén,Alsódobsza,186
Borsod-Abaúj-Zemplén,Alsógagy,139
Borsod-Abaúj-Zemplén,Alsóregmec,74
Borsod-Abaúj-Zemplén,Alsószuha,132
Borsod-Abaúj-Zemplén,Alsótelekes,29
Borsod-Abaúj-Zemplén,Alsóvadász,167
Borsod-Abaúj-Zemplén,Alsózsolca,106
Borsod-Abaúj-Zemplén,Arka,167
Borsod-Abaúj-Zemplén,Arló,134
Borsod-Abaúj-Zemplén,Arnót,29
Borsod-Abaúj-Zemplén,Ároktő,106
Borsod-Abaúj-Zemplén,Aszaló,167
Borsod-Abaúj-Zemplén,Baktakék,167
Borsod-Abaúj-Zemplén,Balajt,29
Borsod-Abaúj-Zemplén,Bánhorváti,134
Borsod-Abaúj-Zemplén,Bánréve,131
Borsod-Abaúj-Zemplén,Baskó,168
Borsod-Abaúj-Zemplén,Becskeháza,188
Borsod-Abaúj-Zemplén,Bekecs,186
Borsod-Abaúj-Zemplén,Berente,133
Borsod-Abaúj-Zemplén,Beret,167
Borsod-Abaúj-Zemplén,Berzék,186
Borsod-Abaúj-Zemplén,Bodroghalom,79
Borsod-Abaúj-Zemplén,Bodrogkeresztúr,185
Borsod-Abaúj-Zemplén,Bodrogkisfalud,185
Borsod-Abaúj-Zemplén,Bodrogolaszi,184
Borsod-Abaúj-Zemplén,Bódvalenke,188
Borsod-Abaúj-Zemplén,Bódvarákó,188
Borsod-Abaúj-Zemplén,Bódvaszilas,187
Borsod-Abaúj-Zemplén,Bogács,102
Borsod-Abaúj-Zemplén,Boldogkőújfalu,167
Borsod-Abaúj-Zemplén,Boldogkőváralja,167
Borsod-Abaúj-Zemplén,Boldva,29
Borsod-Abaúj-Zemplén,Borsodbóta,134
Borsod-Abaúj-Zemplén,Borsodgeszt,102
Borsod-Abaúj-Zemplén,Borsodivánka,101
Borsod-Abaúj-Zemplén,Borsodnádasd,134
Borsod-Abaúj-Zemplén,Borsodszentgyörgy,134
Borsod-Abaúj-Zemplén,Borsodszirák,29
Borsod-Abaúj-Zemplén,Bózsva,74
Borsod-Abaúj-Zemplén,Bőcs,106
Borsod-Abaúj-Zemplén,Bükkábrány,100
Borsod-Abaúj-Zemplén,Bükkaranyos,102
Borsod-Abaúj-Zemplén,Bükkmogyorósd,134
Borsod-Abaúj-Zemplén,Bükkszentkereszt,106
Borsod-Abaúj-Zemplén,Bükkzsérc,102
Borsod-Abaúj-Zemplén,Büttös,139
Borsod-Abaúj-Zemplén,Cigánd,79
Borsod-Abaúj-Zemplén,Csenyéte,139
Borsod-Abaúj-Zemplén,Cserépfalu,102
Borsod-Abaúj-Zemplén,Cserépváralja,102
Borsod-Abaúj-Zemplén,Csernely,134
Borsod-Abaúj-Zemplén,Csincse,100
Borsod-Abaúj-Zemplén,Csobád,167
Borsod-Abaúj-Zemplén,Csobaj,122
Borsod-Abaúj-Zemplén,Csokvaomány,134
Borsod-Abaúj-Zemplén,Damak,29
Borsod-Abaúj-Zemplén,Dámóc,79
Borsod-Abaúj-Zemplén,Debréte,29
Borsod-Abaúj-Zemplén,Dédestapolcsány,134
Borsod-Abaúj-Zemplén,Detek,167
Borsod-Abaúj-Zemplén,Domaháza,134
Borsod-Abaúj-Zemplén,Dövény,29
Borsod-Abaúj-Zemplén,Dubicsány,29
Borsod-Abaúj-Zemplén,Edelény,29
Borsod-Abaúj-Zemplén,Egerlövő,101
Borsod-Abaúj-Zemplén,Égerszög,189
Borsod-Abaúj-Zemplén,Emőd,100
Borsod-Abaúj-Zemplén,Encs,167
Borsod-Abaúj-Zemplén,Erdőbénye,184
Borsod-Abaúj-Zemplén,Erdőhorváti,168
Borsod-Abaúj-Zemplén,Fáj,139
Borsod-Abaúj-Zemplén,Fancsal,167
Borsod-Abaúj-Zemplén,Farkaslyuk,134
Borsod-Abaúj-Zemplén,Felsőberecki,79
Borsod-Abaúj-Zemplén,Felsődobsza,167
Borsod-Abaúj-Zemplén,Felsőgagy,139
Borsod-Abaúj-Zemplén,Felsőkelecsény,29
Borsod-Abaúj-Zemplén,Felsőnyárád,29
Borsod-Abaúj-Zemplén,Felsőregmec,74
Borsod-Abaúj-Zemplén,Felsőtelekes,29
Borsod-Abaúj-Zemplén,Felsővadász,167
Borsod-Abaúj-Zemplén,Felsőzsolca,106
Borsod-Abaúj-Zemplén,Filkeháza,74
Borsod-Abaúj-Zemplén,Fony,167
Borsod-Abaúj-Zemplén,Forró,167
Borsod-Abaúj-Zemplén,Fulókércs,139
Borsod-Abaúj-Zemplén,Füzér,74
Borsod-Abaúj-Zemplén,Füzérkajata,74
Borsod-Abaúj-Zemplén,Füzérkomlós,74
Borsod-Abaúj-Zemplén,Füzérradvány,74
Borsod-Abaúj-Zemplén,Gadna,167
Borsod-Abaúj-Zemplén,Gagyapáti,139
Borsod-Abaúj-Zemplén,Gagybátor,139
Borsod-Abaúj-Zemplén,Gagyvendégi,139
Borsod-Abaúj-Zemplén,Galvács,29
Borsod-Abaúj-Zemplén,Garadna,167
Borsod-Abaúj-Zemplén,Gelej,101
Borsod-Abaúj-Zemplén,Gesztely,186
Borsod-Abaúj-Zemplén,Gibárt,167
Borsod-Abaúj-Zemplén,Girincs,186
Borsod-Abaúj-Zemplén,Golop,185
Borsod-Abaúj-Zemplén,Gömörszőlős,132
Borsod-Abaúj-Zemplén,Gönc,167
Borsod-Abaúj-Zemplén,Göncruszka,167
Borsod-Abaúj-Zemplén,Györgytarló,184
Borsod-Abaúj-Zemplén,Halmaj,167
Borsod-Abaúj-Zemplén,Hangács,29
Borsod-Abaúj-Zemplén,Hangony,130
Borsod-Abaúj-Zemplén,Háromhuta,168
Borsod-Abaúj-Zemplén,Harsány,102
Borsod-Abaúj-Zemplén,Hegymeg,29
Borsod-Abaúj-Zemplén,Hejce,167
Borsod-Abaúj-Zemplén,Hejőbába,106
Borsod-Abaúj-Zemplén,Hejőkeresztúr,106
Borsod-Abaúj-Zemplén,Hejőkürt,106
Borsod-Abaúj-Zemplén,Hejőpapi,106
Borsod-Abaúj-Zemplén,Hejőszalonta,106
Borsod-Abaúj-Zemplén,Hercegkút,184
Borsod-Abaúj-Zemplén,Hernádbűd,167
Borsod-Abaúj-Zemplén,Hernádcéce,167
Borsod-Abaúj-Zemplén,Hernádkak,186
Borsod-Abaúj-Zemplén,Hernádkércs,167
Borsod-Abaúj-Zemplén,Hernádnémeti,186
Borsod-Abaúj-Zemplén,Hernádpetri,139
Borsod-Abaúj-Zemplén,Hernádszentandrás,167
Borsod-Abaúj-Zemplén,Hernádszurdok,139
Borsod-Abaúj-Zemplén,Hernádvécse,139
Borsod-Abaúj-Zemplén,Hét,131
Borsod-Abaúj-Zemplén,Hidasnémeti,72
Borsod-Abaúj-Zemplén,Hidvégardó,187
Borsod-Abaúj-Zemplén,Hollóháza,74
Borsod-Abaúj-Zemplén,Homrogd,167
Borsod-Abaúj-Zemplén,Igrici,106
Borsod-Abaúj-Zemplén,Imola,132
Borsod-Abaúj-Zemplén,Ináncs,167
Borsod-Abaúj-Zemplén,Irota,29
Borsod-Abaúj-Zemplén,Izsófalva,29
Borsod-Abaúj-Zemplén,Jákfalva,29
Borsod-Abaúj-Zemplén,Járdánháza,134
Borsod-Abaúj-Zemplén,Jósvafő,189
Borsod-Abaúj-Zemplén,Kács,102
Borsod-Abaúj-Zemplén,Kánó,132
Borsod-Abaúj-Zemplén,Kány,139
Borsod-Abaúj-Zemplén,Karcsa,79
Borsod-Abaúj-Zemplén,Karos,79
Borsod-Abaúj-Zemplén,Kazincbarcika,133
Borsod-Abaúj-Zemplén,Kázsmárk,167
Borsod-Abaúj-Zemplén,Kéked,73
Borsod-Abaúj-Zemplén,Kelemér,132
Borsod-Abaúj-Zemplén,Kenézlő,121
Borsod-Abaúj-Zemplén,Keresztéte,139
Borsod-Abaúj-Zemplén,Kesznyéten,186
Borsod-Abaúj-Zemplén,Királd,134
Borsod-Abaúj-Zemplén,Kiscsécs,186
Borsod-Abaúj-Zemplén,Kisgyőr,102
Borsod-Abaúj-Zemplén,Kishuta,74
Borsod-Abaúj-Zemplén,Kiskinizs,167
Borsod-Abaúj-Zemplén,Kisrozvágy,79
Borsod-Abaúj-Zemplén,Kissikátor,134
Borsod-Abaúj-Zemplén,Kistokaj,106
Borsod-Abaúj-Zemplén,Komjáti,187
Borsod-Abaúj-Zemplén,Komlóska,168
Borsod-Abaúj-Zemplén,Kondó,133
Borsod-Abaúj-Zemplén,Korlát,167
Borsod-Abaúj-Zemplén,Kovácsvágás,74
Borsod-Abaúj-Zemplén,Köröm,186
Borsod-Abaúj-Zemplén,Krasznokvajda,139
Borsod-Abaúj-Zemplén,Kupa,167
Borsod-Abaúj-Zemplén,Kurityán,29
Borsod-Abaúj-Zemplén,Lácacséke,79
Borsod-Abaúj-Zemplén,Ládbesenyő,29
Borsod-Abaúj-Zemplén,Lak,29
Borsod-Abaúj-Zemplén,Legyesbénye,186
Borsod-Abaúj-Zemplén,Léh,167
Borsod-Abaúj-Zemplén,Lénárddaróc,134
Borsod-Abaúj-Zemplén,Litka,139
Borsod-Abaúj-Zemplén,Mád,185
Borsod-Abaúj-Zemplén,Makkoshotyka,138
Borsod-Abaúj-Zemplén,Mályi,106
Borsod-Abaúj-Zemplén,Mályinka,134
Borsod-Abaúj-Zemplén,Martonyi,29
Borsod-Abaúj-Zemplén,Megyaszó,186
Borsod-Abaúj-Zemplén,Méra,167
Borsod-Abaúj-Zemplén,Meszes,29
Borsod-Abaúj-Zemplén,Mezőcsát,106
Borsod-Abaúj-Zemplén,Mezőkeresztes,100
Borsod-Abaúj-Zemplén,Mezőkövesd,100
Borsod-Abaúj-Zemplén,Mezőnagymihály,101
Borsod-Abaúj-Zemplén,Mezőnyárád,100
Borsod-Abaúj-Zemplén,Mezőzombor,185
Borsod-Abaúj-Zemplén,Mikóháza,74
Borsod-Abaúj-Zemplén,Miskolc,106
Borsod-Abaúj-Zemplén,Mogyoróska,168
Borsod-Abaúj-Zemplén,Monaj,167
Borsod-Abaúj-Zemplén,Monok,186
Borsod-Abaúj-Zemplén,Múcsony,29
Borsod-Abaúj-Zemplén,Muhi,106
Borsod-Abaúj-Zemplén,Nagybarca,134
Borsod-Abaúj-Zemplén,Nagycsécs,106
Borsod-Abaúj-Zemplén,Nagyhuta,74
Borsod-Abaúj-Zemplén,Nagykinizs,167
Borsod-Abaúj-Zemplén,Nagyrozvágy,79
Borsod-Abaúj-Zemplén,Négyes,101
Borsod-Abaúj-Zemplén,Nekézseny,134
Borsod-Abaúj-Zemplén,Nemesbikk,106
Borsod-Abaúj-Zemplén,Novajidrány,167
Borsod-Abaúj-Zemplén,Nyékládháza,106
Borsod-Abaúj-Zemplén,Nyésta,167
Borsod-Abaúj-Zemplén,Nyíri,74
Borsod-Abaúj-Zemplén,Nyomár,29
Borsod-Abaúj-Zemplén,Olaszliszka,184
Borsod-Abaúj-Zemplén,Onga,167
Borsod-Abaúj-Zemplén,Ónod,106
Borsod-Abaúj-Zemplén,Ormosbánya,29
Borsod-Abaúj-Zemplén,Oszlár,106
Borsod-Abaúj-Zemplén,Ózd,134
Borsod-Abaúj-Zemplén,Pácin,79
Borsod-Abaúj-Zemplén,Pálháza,74
Borsod-Abaúj-Zemplén,Pamlény,139
Borsod-Abaúj-Zemplén,Pányok,73
Borsod-Abaúj-Zemplén,Parasznya,133
Borsod-Abaúj-Zemplén,Pere,167
Borsod-Abaúj-Zemplén,Perecse,139
Borsod-Abaúj-Zemplén,Perkupa,189
Borsod-Abaúj-Zemplén,Prügy,122
Borsod-Abaúj-Zemplén,Pusztafalu,74
Borsod-Abaúj-Zemplén,Pusztaradvány,139
Borsod-Abaúj-Zemplén,Putnok,131
Borsod-Abaúj-Zemplén,Radostyán,133
Borsod-Abaúj-Zemplén,Ragály,132
Borsod-Abaúj-Zemplén,Rakaca,29
Borsod-Abaúj-Zemplén,Rakacaszend,29
Borsod-Abaúj-Zemplén,Rásonysápberencs,167
Borsod-Abaúj-Zemplén,Rátka,185
Borsod-Abaúj-Zemplén,Regéc,168
Borsod-Abaúj-Zemplén,Répáshuta,106
Borsod-Abaúj-Zemplén,Révleányvár,79
Borsod-Abaúj-Zemplén,Ricse,79
Borsod-Abaúj-Zemplén,Rudabánya,29
Borsod-Abaúj-Zemplén,Rudolftelep,29
Borsod-Abaúj-Zemplén,Sajóbábony,106
Borsod-Abaúj-Zemplén,Sajóecseg,106
Borsod-Abaúj-Zemplén,Sajógalgóc,29
Borsod-Abaúj-Zemplén,Sajóhídvég,186
Borsod-Abaúj-Zemplén,Sajóivánka,133
Borsod-Abaúj-Zemplén,Sajókápolna,133
Borsod-Abaúj-Zemplén,Sajókaza,29
Borsod-Abaúj-Zemplén,Sajókeresztúr,106
Borsod-Abaúj-Zemplén,Sajólád,106
Borsod-Abaúj-Zemplén,Sajólászlófalva,133
Borsod-Abaúj-Zemplén,Sajómercse,134
Borsod-Abaúj-Zemplén,Sajónémeti,133
Borsod-Abaúj-Zemplén,Sajóörös,106
Borsod-Abaúj-Zemplén,Sajópálfala,29
Borsod-Abaúj-Zemplén,Sajópetri,106
Borsod-Abaúj-Zemplén,Sajópüspöki,131
Borsod-Abaúj-Zemplén,Sajósenye,29
Borsod-Abaúj-Zemplén,Sajószentpéter,133
Borsod-Abaúj-Zemplén,Sajószöged,106
Borsod-Abaúj-Zemplén,Sajóvámos,29
Borsod-Abaúj-Zemplén,Sajóvelezd,133
Borsod-Abaúj-Zemplén,Sály,102
Borsod-Abaúj-Zemplén,Sárazsadány,184
Borsod-Abaúj-Zemplén,Sárospatak,184
Borsod-Abaúj-Zemplén,Sáta,134
Borsod-Abaúj-Zemplén,Sátoraljaújhely,138
Borsod-Abaúj-Zemplén,Selyeb,167
Borsod-Abaúj-Zemplén,Semjén,79
Borsod-Abaúj-Zemplén,Serényfalva,131
Borsod-Abaúj-Zemplén,Sima,168
Borsod-Abaúj-Zemplén,Sóstófalva,186
Borsod-Abaúj-Zemplén,Szakácsi,29
Borsod-Abaúj-Zemplén,Szakáld,106
Borsod-Abaúj-Zemplén,Szalaszend,139
Borsod-Abaúj-Zemplén,Szalonna,29
Borsod-Abaúj-Zemplén,Szászfa,139
Borsod-Abaúj-Zemplén,Szegi,185
Borsod-Abaúj-Zemplén,Szegilong,185
Borsod-Abaúj-Zemplén,Szemere,139
Borsod-Abaúj-Zemplén,Szendrő,29
Borsod-Abaúj-Zemplén,Szendrőlád,29
Borsod-Abaúj-Zemplén,Szentistván,101
Borsod-Abaúj-Zemplén,Szentistvánbaksa,167
Borsod-Abaúj-Zemplén,Szerencs,185
Borsod-Abaúj-Zemplén,Szikszó,167
Borsod-Abaúj-Zemplén,Szin,189
Borsod-Abaúj-Zemplén,Szinpetri,189
Borsod-Abaúj-Zemplén,Szirmabesenyő,106
Borsod-Abaúj-Zemplén,Szomolya,102
Borsod-Abaúj-Zemplén,Szögliget,187
Borsod-Abaúj-Zemplén,Szőlősardó,189
Borsod-Abaúj-Zemplén,Szuhafő,132
Borsod-Abaúj-Zemplén,Szuhakálló,29
Borsod-Abaúj-Zemplén,Szuhogy,29
Borsod-Abaúj-Zemplén,Taktabáj,122
Borsod-Abaúj-Zemplén,Taktaharkány,186
Borsod-Abaúj-Zemplén,Taktakenéz,122
Borsod-Abaúj-Zemplén,Taktaszada,186
Borsod-Abaúj-Zemplén,Tállya,185
Borsod-Abaúj-Zemplén,Tarcal,185
Borsod-Abaúj-Zemplén,Tard,102
Borsod-Abaúj-Zemplén,Tardona,134
Borsod-Abaúj-Zemplén,Telkibánya,168
Borsod-Abaúj-Zemplén,Teresztenye,189
Borsod-Abaúj-Zemplén,Tibolddaróc,102
Borsod-Abaúj-Zemplén,Tiszabábolna,103
Borsod-Abaúj-Zemplén,Tiszacsermely,79
Borsod-Abaúj-Zemplén,Tiszadorogma,103
Borsod-Abaúj-Zemplén,Tiszakarád,79
Borsod-Abaúj-Zemplén,Tiszakeszi,106
Borsod-Abaúj-Zemplén,Tiszaladány,122
Borsod-Abaúj-Zemplén,Tiszalúc,186
Borsod-Abaúj-Zemplén,Tiszapalkonya,106
Borsod-Abaúj-Zemplén,Tiszatardos,122
Borsod-Abaúj-Zemplén,Tiszatarján,106
Borsod-Abaúj-Zemplén,Tiszaújváros,106
Borsod-Abaúj-Zemplén,Tiszavalk,103
Borsod-Abaúj-Zemplén,Tokaj,185
Borsod-Abaúj-Zemplén,Tolcsva,184
Borsod-Abaúj-Zemplén,Tomor,167
Borsod-Abaúj-Zemplén,Tornabarakony,188
Borsod-Abaúj-Zemplén,Tornakápolna,189
Borsod-Abaúj-Zemplén,Tornanádaska,187
Borsod-Abaúj-Zemplén,Tornaszentandrás,188
Borsod-Abaúj-Zemplén,Tornaszentjakab,29
Borsod-Abaúj-Zemplén,Tornyosnémeti,72
Borsod-Abaúj-Zemplén,Trizs,132
Borsod-Abaúj-Zemplén,Újcsanálos,186
Borsod-Abaúj-Zemplén,Uppony,134
Borsod-Abaúj-Zemplén,Vadna,133
Borsod-Abaúj-Zemplén,Vágáshuta,74
Borsod-Abaúj-Zemplén,Vajdácska,79
Borsod-Abaúj-Zemplén,Vámosújfalu,184
Borsod-Abaúj-Zemplén,Varbó,133
Borsod-Abaúj-Zemplén,Varbóc,189
Borsod-Abaúj-Zemplén,Vatta,100
Borsod-Abaúj-Zemplén,Vilmány,167
Borsod-Abaúj-Zemplén,Vilyvitány,74
Borsod-Abaúj-Zemplén,Viss,121
Borsod-Abaúj-Zemplén,Viszló,29
Borsod-Abaúj-Zemplén,Vizsoly,167
Borsod-Abaúj-Zemplén,Zádorfalva,132
Borsod-Abaúj-Zemplén,Zalkod,121
Borsod-Abaúj-Zemplén,Zemplénagárd,79
Borsod-Abaúj-Zemplén,Ziliz,29
Borsod-Abaúj-Zemplén,Zubogy,132
Borsod-Abaúj-Zemplén,Zsujta,167
Budapest,I. kerület,15
Budapest,II. kerület,15
Budapest,III. kerület,15
Budapest,IV. kerület,15
Budapest,IX. kerület,15
Budapest,V. kerület,15
Budapest,VI. kerület,15
Budapest,VII. kerület,15
Budapest,VIII. kerület,15
Budapest,X. kerület,15
Budapest,XI. kerület,15
Budapest,XII. kerület,15
Budapest,XIII. kerület,15
Budapest,XIV. kerület,15
Budapest,XIX. kerület,15
Budapest,XV. kerület,15
Budapest,XVI. kerület,15
Budapest,XVII. kerület,15
Budapest,XVIII. kerület,15
Budapest,XX. kerület,15
Budapest,XXI. kerület,15
Budapest,XXII. kerület,15
Budapest,XXIII. kerület,15
Csongrád-Csanád,Algyő,152
Csongrád-Csanád,Ambrózfalva,9
Csongrád-Csanád,Apátfalva,92
Csongrád-Csanád,Árpádhalom,53
Csongrád-Csanád,Ásotthalom,151
Csongrád-Csanád,Baks,152
Csongrád-Csanád,Balástya,151
Csongrád-Csanád,Bordány,151
Csongrád-Csanád,Csanádalberti,9
Csongrád-Csanád,Csanádpalota,92
Csongrád-Csanád,Csanytelek,152
Csongrád-Csanád,Csengele,151
Csongrád-Csanád,Csongrád,152
Csongrád-Csanád,Derekegyház,53
Csongrád-Csanád,Deszk,190
Csongrád-Csanád,Dóc,152
Csongrád-Csanád,Domaszék,151
Csongrád-Csanád,Eperjes,53
Csongrád-Csanád,Fábiánsebestyén,54
Csongrád-Csanád,Felgyő,152
Csongrád-Csanád,Ferencszállás,190
Csongrád-Csanád,Forráskút,151
Csongrád-Csanád,Földeák,92
Csongrád-Csanád,Hódmezővásárhely,53
Csongrád-Csanád,I. kerület,190
Csongrád-Csanád,II. kerület,151
Csongrád-Csanád,II. kerület,152
Csongrád-Csanád,III. kerület,151
Csongrád-Csanád,III. kerület,151
Csongrád-Csanád,III. kerület,190
Csongrád-Csanád,Királyhegyes,92
Csongrád-Csanád,Kistelek,151
Csongrád-Csanád,Kiszombor,118
Csongrád-Csanád,Klárafalva,190
Csongrád-Csanád,Kövegy,92
Csongrád-Csanád,Kübekháza,190
Csongrád-Csanád,Magyarcsanád,92
Csongrád-Csanád,Makó,92
Csongrád-Csanád,Maroslele,92
Csongrád-Csanád,Mártély,53
Csongrád-Csanád,Mindszent,54
Csongrád-Csanád,Mórahalom,151
Csongrád-Csanád,Nagyér,9
Csongrád-Csanád,Nagylak,92
Csongrád-Csanád,Nagymágocs,53
Csongrád-Csanád,Nagytőke,54
Csongrád-Csanád,Óföldeák,92
Csongrád-Csanád,Ópusztaszer,152
Csongrád-Csanád,Öttömös,151
Csongrád-Csanád,Pitvaros,9
Csongrád-Csanád,Pusztamérges,36
Csongrád-Csanád,Pusztaszer,152
Csongrád-Csanád,Röszke,151
Csongrád-Csanád,Ruzsa,151
Csongrád-Csanád,Sándorfalva,152
Csongrád-Csanád,Szatymaz,151
Csongrád-Csanád,Szeged I. kerület,151
Csongrád-Csanád,Szegvár,54
Csongrád-Csanád,Székkutas,53
Csongrád-Csanád,Szentes,54
Csongrád-Csanád,Tiszasziget,190
Csongrád-Csanád,Tömörkény,152
Csongrád-Csanád,Újszentiván,190
Csongrád-Csanád,Üllés,151
Csongrád-Csanád,Zákányszék,151
Csongrád-Csanád,Zsombó,151
Fejér,Aba,164
Fejér,Adony,137
Fejér,Alap,137
Fejér,Alcsútdoboz,196
Fejér,Alsószentiván,137
Fejér,Bakonycsernye,210
Fejér,Bakonykúti,111
Fejér,Balinka,111
Fejér,Baracs,137
Fejér,Baracska,195
Fejér,Beloiannisz,195
Fejér,Besnyő,195
Fejér,Bicske,196
Fejér,Bodajk,111
Fejér,Bodmér,196
Fejér,Cece,137
Fejér,Csabdi,196
Fejér,Csákberény,111
Fejér,Csákvár,111
Fejér,Csókakő,111
Fejér,Csór,111
Fejér,Csősz,164
Fejér,Daruszentmiklós,137
Fejér,Dég,200
Fejér,Dunaújváros,137
Fejér,Előszállás,137
Fejér,Enying,200
Fejér,Ercsi,195
Fejér,Etyek,196
Fejér,Fehérvárcsurgó,111
Fejér,Felcsút,196
Fejér,Füle,164
Fejér,Gánt,111
Fejér,Gárdony,164
Fejér,Gyúró,196
Fejér,Hantos,137
Fejér,Igar,137
Fejér,Iszkaszentgyörgy,111
Fejér,Isztimér,111
Fejér,Iváncsa,195
Fejér,Jenő,164
Fejér,Kajászó,195
Fejér,Káloz,137
Fejér,Kápolnásnyék,164
Fejér,Kincsesbánya,111
Fejér,Kisapostag,137
Fejér,Kisláng,164
Fejér,Kőszárhegy,164
Fejér,Kulcs,137
Fejér,Lajoskomárom,200
Fejér,Lepsény,200
Fejér,Lovasberény,164
Fejér,Magyaralmás,111
Fejér,Mány,196
Fejér,Martonvásár,195
Fejér,Mátyásdomb,200
Fejér,Mezőfalva,137
Fejér,Mezőkomárom,200
Fejér,Mezőszentgyörgy,200
Fejér,Mezőszilas,200
Fejér,Moha,164
Fejér,Mór,111
Fejér,Nadap,164
Fejér,Nádasdladány,164
Fejér,Nagykarácsony,137
Fejér,Nagylók,137
Fejér,Nagyveleg,111
Fejér,Nagyvenyim,137
Fejér,Óbarok,196
Fejér,Pákozd,164
Fejér,Pátka,164
Fejér,Pázmánd,164
Fejér,Perkáta,137
Fejér,Polgárdi,164
Fejér,Pusztaszabolcs,137
Fejér,Pusztavám,111
Fejér,Rácalmás,137
Fejér,Ráckeresztúr,195
Fejér,Sárbogárd,137
Fejér,Sáregres,137
Fejér,Sárkeresztes,164
Fejér,Sárkeresztúr,137
Fejér,Sárkeszi,164
Fejér,Sárosd,137
Fejér,Sárszentágota,137
Fejér,Sárszentmihály,164
Fejér,Seregélyes,164
Fejér,Soponya,164
Fejér,Söréd,111
Fejér,Sukoró,164
Fejér,Szabadbattyán,164
Fejér,Szabadegyháza,137
Fejér,Szabadhídvég,67
Fejér,Szár,196
Fejér,Székesfehérvár,164
Fejér,Tabajd,196
Fejér,Tác,164
Fejér,Tordas,195
Fejér,Újbarok,196
Fejér,Úrhida,164
Fejér,Vajta,137
Fejér,Vál,196
Fejér,Velence,164
Fejér,Vereb,164
Fejér,Vértesacsa,196
Fejér,Vértesboglár,111
Fejér,Zámoly,164
Fejér,Zichyújfalu,164
Győr-Moson-Sopron,Abda,47
Győr-Moson-Sopron,Acsalag,65
Győr-Moson-Sopron,Ágfalva,143
Győr-Moson-Sopron,Agyagosszergény,113
Győr-Moson-Sopron,Árpás,66
Győr-Moson-Sopron,Ásványráró,47
Győr-Moson-Sopron,Babót,64
Győr-Moson-Sopron,Bágyogszovát,66
Győr-Moson-Sopron,Bakonypéterd,210
Győr-Moson-Sopron,Barbacs,65
Győr-Moson-Sopron,Beled,64
Győr-Moson-Sopron,Bezenye,120
Győr-Moson-Sopron,Bezi,45
Győr-Moson-Sopron,Bodonhely,66
Győr-Moson-Sopron,Bogyoszló,65
Győr-Moson-Sopron,Bőny,48
Győr-Moson-Sopron,Börcs,47
Győr-Moson-Sopron,Bősárkány,65
Győr-Moson-Sopron,Cakóháza,45
Győr-Moson-Sopron,Cirák,64
Győr-Moson-Sopron,Csáfordjánosfa,18
Győr-Moson-Sopron,Csapod,64
Győr-Moson-Sopron,Csér,18
Győr-Moson-Sopron,Csikvánd,46
Győr-Moson-Sopron,Csorna,65
Győr-Moson-Sopron,Darnózseli,95
Győr-Moson-Sopron,Dénesfa,64
Győr-Moson-Sopron,Dör,66
Győr-Moson-Sopron,Dunakiliti,120
Győr-Moson-Sopron,Dunaremete,95
Győr-Moson-Sopron,Dunaszeg,47
Győr-Moson-Sopron,Dunaszentpál,47
Győr-Moson-Sopron,Dunasziget,120
Győr-Moson-Sopron,Ebergőc,113
Győr-Moson-Sopron,Écs,48
Győr-Moson-Sopron,Edve,66
Győr-Moson-Sopron,Egyed,66
Győr-Moson-Sopron,Egyházasfalu,18
Győr-Moson-Sopron,Enese,45
Győr-Moson-Sopron,Farád,65
Győr-Moson-Sopron,Fehértó,45
Győr-Moson-Sopron,Feketeerdő,95
Győr-Moson-Sopron,Felpéc,48
Győr-Moson-Sopron,Fertőboz,112
Győr-Moson-Sopron,Fertőd,113
Győr-Moson-Sopron,Fertőendréd,113
Győr-Moson-Sopron,Fertőhomok,113
Győr-Moson-Sopron,Fertőrákos,143
Győr-Moson-Sopron,Fertőszentmiklós,113
Győr-Moson-Sopron,Fertőszéplak,113
Győr-Moson-Sopron,Gönyű,48
Győr-Moson-Sopron,Gyalóka,18
Győr-Moson-Sopron,Gyarmat,48
Győr-Moson-Sopron,Gyóró,64
Győr-Moson-Sopron,Gyömöre,48
Győr-Moson-Sopron,Győr,48
Győr-Moson-Sopron,Győrasszonyfa,48
Győr-Moson-Sopron,Győrladamér,47
Győr-Moson-Sopron,Győrság,48
Győr-Moson-Sopron,Győrsövényház,45
Győr-Moson-Sopron,Győrszemere,48
Győr-Moson-Sopron,Győrújbarát,48
Győr-Moson-Sopron,Győrújfalu,47
Győr-Moson-Sopron,Győrzámoly,47
Győr-Moson-Sopron,Halászi,95
Győr-Moson-Sopron,Harka,112
Győr-Moson-Sopron,Hédervár,47
Győr-Moson-Sopron,Hegyeshalom,120
Győr-Moson-Sopron,Hegykő,113
Győr-Moson-Sopron,Hidegség,112
Győr-Moson-Sopron,Himod,64
Győr-Moson-Sopron,Hövej,64
Győr-Moson-Sopron,Ikrény,45
Győr-Moson-Sopron,Iván,18
Győr-Moson-Sopron,Jánossomorja,95
Győr-Moson-Sopron,Jobaháza,65
Győr-Moson-Sopron,Kajárpéc,48
Győr-Moson-Sopron,Kapuvár,64
Győr-Moson-Sopron,Károlyháza,95
Győr-Moson-Sopron,Kimle,95
Győr-Moson-Sopron,Kisbabot,46
Győr-Moson-Sopron,Kisbajcs,47
Győr-Moson-Sopron,Kisbodak,95
Győr-Moson-Sopron,Kisfalud,65
Győr-Moson-Sopron,Kóny,45
Győr-Moson-Sopron,Kópháza,112
Győr-Moson-Sopron,Koroncó,46
Győr-Moson-Sopron,Kunsziget,47
Győr-Moson-Sopron,Lázi,210
Győr-Moson-Sopron,Lébény,95
Győr-Moson-Sopron,Levél,120
Győr-Moson-Sopron,Lipót,95
Győr-Moson-Sopron,Lövő,112
Győr-Moson-Sopron,Maglóca,65
Győr-Moson-Sopron,Magyarkeresztúr,65
Győr-Moson-Sopron,Máriakálnok,95
Győr-Moson-Sopron,Markotabödöge,45
Győr-Moson-Sopron,Mecsér,95
Győr-Moson-Sopron,Mérges,46
Győr-Moson-Sopron,Mezőörs,48
Győr-Moson-Sopron,Mihályi,65
Győr-Moson-Sopron,Mórichida,46
Győr-Moson-Sopron,Mosonmagyaróvár,95
Győr-Moson-Sopron,Mosonszentmiklós,95
Győr-Moson-Sopron,Mosonszolnok,95
Győr-Moson-Sopron,Mosonudvar,95
Győr-Moson-Sopron,Nagybajcs,47
Győr-Moson-Sopron,Nagycenk,112
Győr-Moson-Sopron,Nagylózs,113
Győr-Moson-Sopron,Nagyszentjános,48
Győr-Moson-Sopron,Nemeskér,112
Győr-Moson-Sopron,Nyalka,48
Győr-Moson-Sopron,Nyúl,48
Győr-Moson-Sopron,Osli,64
Győr-Moson-Sopron,Öttevény,47
Győr-Moson-Sopron,Páli,66
Győr-Moson-Sopron,Pannonhalma,48
Győr-Moson-Sopron,Pásztori,66
Győr-Moson-Sopron,Pázmándfalu,48
Győr-Moson-Sopron,Pér,48
Győr-Moson-Sopron,Pereszteg,113
Győr-Moson-Sopron,Petőháza,113
Győr-Moson-Sopron,Pinnye,113
Győr-Moson-Sopron,Potyond,65
Győr-Moson-Sopron,Pusztacsalád,64
Győr-Moson-Sopron,Püski,95
Győr-Moson-Sopron,Rábacsanak,66
Győr-Moson-Sopron,Rábacsécsény,45
Győr-Moson-Sopron,Rábakecöl,66
Győr-Moson-Sopron,Rábapatona,45
Győr-Moson-Sopron,Rábapordány,66
Győr-Moson-Sopron,Rábasebes,66
Győr-Moson-Sopron,Rábaszentandrás,66
Győr-Moson-Sopron,Rábaszentmihály,46
Győr-Moson-Sopron,Rábaszentmiklós,46
Győr-Moson-Sopron,Rábatamási,65
Győr-Moson-Sopron,Rábcakapi,45
Győr-Moson-Sopron,Rajka,120
Győr-Moson-Sopron,Ravazd,48
Győr-Moson-Sopron,Répceszemere,18
Győr-Moson-Sopron,Répcevis,18
Győr-Moson-Sopron,Rétalap,48
Győr-Moson-Sopron,Röjtökmuzsaj,113
Győr-Moson-Sopron,Sarród,113
Győr-Moson-Sopron,Sobor,66
Győr-Moson-Sopron,Sokorópátka,48
Győr-Moson-Sopron,Sopron,143
Győr-Moson-Sopron,Sopronhorpács,18
Győr-Moson-Sopron,Sopronkövesd,112
Győr-Moson-Sopron,Sopronnémeti,65
Győr-Moson-Sopron,Szakony,18
Győr-Moson-Sopron,Szany,66
Győr-Moson-Sopron,Szárföld,64
Győr-Moson-Sopron,Szerecseny,48
Győr-Moson-Sopron,Szil,66
Győr-Moson-Sopron,Szilsárkány,65
Győr-Moson-Sopron,Táp,48
Győr-Moson-Sopron,Tápszentmiklós,48
Győr-Moson-Sopron,Tarjánpuszta,48
Győr-Moson-Sopron,Tárnokréti,45
Győr-Moson-Sopron,Tényő,48
Győr-Moson-Sopron,Tét,46
Győr-Moson-Sopron,Töltéstava,48
Győr-Moson-Sopron,Újkér,18
Győr-Moson-Sopron,Újrónafő,95
Győr-Moson-Sopron,Und,18
Győr-Moson-Sopron,Vadosfa,65
Győr-Moson-Sopron,Vág,66
Győr-Moson-Sopron,Vámosszabadi,47
Győr-Moson-Sopron,Várbalog,95
Győr-Moson-Sopron,Vásárosfalu,66
Győr-Moson-Sopron,Vének,47
Győr-Moson-Sopron,Veszkény,64
Győr-Moson-Sopron,Vitnyéd,64
Győr-Moson-Sopron,Völcsej,112
Győr-Moson-Sopron,Zsebeháza,66
Győr-Moson-Sopron,Zsira,18
Hajdú-Bihar,Álmosd,163
Hajdú-Bihar,Ártánd,119
Hajdú-Bihar,Bagamér,163
Hajdú-Bihar,Bakonszeg,14
Hajdú-Bihar,Balmazújváros,49
Hajdú-Bihar,Báránd,14
Hajdú-Bihar,Bedő,119
Hajdú-Bihar,Berekböszörmény,119
Hajdú-Bihar,Berettyóújfalu,13
Hajdú-Bihar,Bihardancsháza,14
Hajdú-Bihar,Biharkeresztes,14
Hajdú-Bihar,Biharnagybajom,14
Hajdú-Bihar,Bihartorda,14
Hajdú-Bihar,Bocskaikert,50
Hajdú-Bihar,Bojt,119
Hajdú-Bihar,Csökmő,14
Hajdú-Bihar,Darvas,14
Hajdú-Bihar,Debrecen I. kerület,23
Hajdú-Bihar,Derecske,13
Hajdú-Bihar,Ebes,23
Hajdú-Bihar,Egyek,24
Hajdú-Bihar,Esztár,13
Hajdú-Bihar,Folyás,49
Hajdú-Bihar,Földes,24
Hajdú-Bihar,Furta,14
Hajdú-Bihar,Fülöp,115
Hajdú-Bihar,Gáborján,13
Hajdú-Bihar,Görbeháza,49
Hajdú-Bihar,Hajdúbagos,13
Hajdú-Bihar,Hajdúböszörmény,49
Hajdú-Bihar,Hajdúdorog,50
Hajdú-Bihar,Hajdúhadház,50
Hajdú-Bihar,Hajdúnánás,49
Hajdú-Bihar,Hajdúsámson,50
Hajdú-Bihar,Hajdúszoboszló,24
Hajdú-Bihar,Hajdúszovát,24
Hajdú-Bihar,Hencida,13
Hajdú-Bihar,Hortobágy,49
Hajdú-Bihar,Hosszúpályi,163
Hajdú-Bihar,II. kerület,23
Hajdú-Bihar,III. kerület,23
Hajdú-Bihar,IV. kerület,24
Hajdú-Bihar,Kaba,24
Hajdú-Bihar,Kismarja,119
Hajdú-Bihar,Kokad,163
Hajdú-Bihar,Komádi,14
Hajdú-Bihar,Konyár,13
Hajdú-Bihar,Körösszakál,14
Hajdú-Bihar,Körösszegapáti,14
Hajdú-Bihar,Létavértes,163
Hajdú-Bihar,Magyarhomorog,14
Hajdú-Bihar,Mezőpeterd,14
Hajdú-Bihar,Mezősas,14
Hajdú-Bihar,Mikepércs,24
Hajdú-Bihar,Monostorpályi,163
Hajdú-Bihar,Nádudvar,24
Hajdú-Bihar,Nagyhegyes,23
Hajdú-Bihar,Nagykereki,119
Hajdú-Bihar,Nagyrábé,14
Hajdú-Bihar,Nyírábrány,115
Hajdú-Bihar,Nyíracsád,115
Hajdú-Bihar,Nyíradony,115
Hajdú-Bihar,Nyírmártonfalva,115
Hajdú-Bihar,Pocsaj,163
Hajdú-Bihar,Polgár,49
Hajdú-Bihar,Püspökladány,24
Hajdú-Bihar,Sáp,14
Hajdú-Bihar,Sáránd,13
Hajdú-Bihar,Sárrétudvari,14
Hajdú-Bihar,Szentpéterszeg,13
Hajdú-Bihar,Szerep,14
Hajdú-Bihar,Téglás,50
Hajdú-Bihar,Tépe,13
Hajdú-Bihar,Tetétlen,24
Hajdú-Bihar,Tiszacsege,49
Hajdú-Bihar,Tiszagyulaháza,106
Hajdú-Bihar,Told,14
Hajdú-Bihar,Újiráz,14
Hajdú-Bihar,Újléta,163
Hajdú-Bihar,Újszentmargita,49
Hajdú-Bihar,Újtikos,49
Hajdú-Bihar,Vámospércs,24
Hajdú-Bihar,Váncsod,13
Hajdú-Bihar,Vekerd,14
Hajdú-Bihar,Zsáka,14
Heves,Abasár,44
Heves,Adács,43
Heves,Aldebrő,30
Heves,Andornaktálya,102
Heves,Apc,44
Heves,Átány,51
Heves,Atkár,43
Heves,Balaton,134
Heves,Bátor,128
Heves,Bekölce,128
Heves,Bélapátfalva,134
Heves,Besenyőtelek,51
Heves,Boconád,51
Heves,Bodony,128
Heves,Boldog,41
Heves,Bükkszék,128
Heves,Bükkszenterzsébet,128
Heves,Bükkszentmárton,134
Heves,Csány,43
Heves,Demjén,32
Heves,Detk,43
Heves,Domoszló,44
Heves,Dormánd,30
Heves,Ecséd,44
Heves,Eger,31
Heves,Egerbakta,32
Heves,Egerbocs,128
Heves,Egercsehi,128
Heves,Egerfarmos,101
Heves,Egerszalók,32
Heves,Egerszólát,32
Heves,Erdőkövesd,128
Heves,Erdőtelek,51
Heves,Erk,51
Heves,Fedémes,128
Heves,Feldebrő,31
Heves,Felsőtárkány,102
Heves,Füzesabony,30
Heves,Gyöngyös,44
Heves,Gyöngyöshalász,43
Heves,Gyöngyösoroszi,44
Heves,Gyöngyöspata,44
Heves,Gyöngyössolymos,44
Heves,Gyöngyöstarján,44
Heves,Halmajugra,44
Heves,Hatvan,43
Heves,Heréd,169
Heves,Heves,51
Heves,Hevesaranyos,128
Heves,Hevesvezekény,52
Heves,Hort,43
Heves,Istenmezeje,128
Heves,Ivád,128
Heves,Kál,30
Heves,Kápolna,30
Heves,Karácsond,43
Heves,Kerecsend,31
Heves,Kerekharaszt,43
Heves,Kisfüzes,128
Heves,Kisköre,52
Heves,Kisnána,44
Heves,Kompolt,30
Heves,Kömlő,51
Heves,Lőrinci,169
Heves,Ludas,43
Heves,Maklár,31
Heves,Markaz,44
Heves,Mátraballa,128
Heves,Mátraderecske,128
Heves,Mátraszentimre,44
Heves,Mezőszemere,100
Heves,Mezőtárkány,30
Heves,Mikófalva,128
Heves,Mónosbél,134
Heves,Nagyfüged,43
Heves,Nagykökényes,169
Heves,Nagyréde,44
Heves,Nagytálya,31
Heves,Nagyút,30
Heves,Nagyvisnyó,134
Heves,Noszvaj,102
Heves,Novaj,102
Heves,Ostoros,102
Heves,Pálosvörösmart,44
Heves,Parád,128
Heves,Parádsasvár,128
Heves,Pély,52
Heves,Pétervására,128
Heves,Petőfibánya,169
Heves,Poroszló,52
Heves,Recsk,128
Heves,Rózsaszentmárton,44
Heves,Sarud,52
Heves,Sirok,128
Heves,Szajla,128
Heves,Szarvaskő,32
Heves,Szentdomonkos,128
Heves,Szihalom,100
Heves,Szilvásvárad,134
Heves,Szúcs,128
Heves,Szűcsi,44
Heves,Tarnabod,30
Heves,Tarnalelesz,128
Heves,Tarnaméra,51
Heves,Tarnaörs,51
Heves,Tarnaszentmária,32
Heves,Tarnaszentmiklós,52
Heves,Tarnazsadány,43
Heves,Tenk,51
Heves,Terpes,128
Heves,Tiszanána,52
Heves,Tófalu,30
Heves,Újlőrincfalva,52
Heves,Vámosgyörk,43
Heves,Váraszó,128
Heves,Vécs,31
Heves,Verpelét,31
Heves,Visonta,44
Heves,Visznek,43
Heves,Zagyvaszántó,169
Heves,Zaránk,51
Jász-Nagykun-Szolnok,Abádszalók,183
Jász-Nagykun-Szolnok,Alattyán,59
Jász-Nagykun-Szolnok,Berekfürdő,70
Jász-Nagykun-Szolnok,Besenyszög,172
Jász-Nagykun-Szolnok,Cibakháza,104
Jász-Nagykun-Szolnok,Csataszög,172
Jász-Nagykun-Szolnok,Csépa,104
Jász-Nagykun-Szolnok,Cserkeszőlő,104
Jász-Nagykun-Szolnok,Fegyvernek,172
Jász-Nagykun-Szolnok,Hunyadfalva,172
Jász-Nagykun-Szolnok,Jánoshida,59
Jász-Nagykun-Szolnok,Jászágó,59
Jász-Nagykun-Szolnok,Jászalsószentgyörgy,59
Jász-Nagykun-Szolnok,Jászapáti,59
Jász-Nagykun-Szolnok,Jászárokszállás,59
Jász-Nagykun-Szolnok,Jászberény,59
Jász-Nagykun-Szolnok,Jászboldogháza,59
Jász-Nagykun-Szolnok,Jászdózsa,59
Jász-Nagykun-Szolnok,Jászfelsőszentgyörgy,60
Jász-Nagykun-Szolnok,Jászfényszaru,60
Jász-Nagykun-Szolnok,Jászivány,59
Jász-Nagykun-Szolnok,Jászjákóhalma,59
Jász-Nagykun-Szolnok,Jászkisér,59
Jász-Nagykun-Szolnok,Jászladány,59
Jász-Nagykun-Szolnok,Jászszentandrás,60
Jász-Nagykun-Szolnok,Jásztelek,59
Jász-Nagykun-Szolnok,Karcag,70
Jász-Nagykun-Szolnok,Kenderes,69
Jász-Nagykun-Szolnok,Kengyel,172
Jász-Nagykun-Szolnok,Kétpó,105
Jász-Nagykun-Szolnok,Kisújszállás,69
Jász-Nagykun-Szolnok,Kőtelek,172
Jász-Nagykun-Szolnok,Kuncsorba,69
Jász-Nagykun-Szolnok,Kunhegyes,70
Jász-Nagykun-Szolnok,Kunmadaras,70
Jász-Nagykun-Szolnok,Kunszentmárton,105
Jász-Nagykun-Szolnok,Martfű,105
Jász-Nagykun-Szolnok,Mesterszállás,105
Jász-Nagykun-Szolnok,Mezőhék,105
Jász-Nagykun-Szolnok,Mezőtúr,105
Jász-Nagykun-Szolnok,Nagyiván,183
Jász-Nagykun-Szolnok,Nagykörű,172
Jász-Nagykun-Szolnok,Nagyrév,104
Jász-Nagykun-Szolnok,Öcsöd,105
Jász-Nagykun-Szolnok,Örményes,172
Jász-Nagykun-Szolnok,Pusztamonostor,60
Jász-Nagykun-Szolnok,Rákóczifalva,172
Jász-Nagykun-Szolnok,Rákócziújfalu,172
Jász-Nagykun-Szolnok,Szajol,172
Jász-Nagykun-Szolnok,Szászberek,172
Jász-Nagykun-Szolnok,Szelevény,105
Jász-Nagykun-Szolnok,Szolnok,172
Jász-Nagykun-Szolnok,Tiszabő,183
Jász-Nagykun-Szolnok,Tiszabura,183
Jász-Nagykun-Szolnok,Tiszaderzs,183
Jász-Nagykun-Szolnok,Tiszaföldvár,105
Jász-Nagykun-Szolnok,Tiszafüred,183
Jász-Nagykun-Szolnok,Tiszagyenda,183
Jász-Nagykun-Szolnok,Tiszaigar,183
Jász-Nagykun-Szolnok,Tiszainoka,104
Jász-Nagykun-Szolnok,Tiszajenő,172
Jász-Nagykun-Szolnok,Tiszakürt,104
Jász-Nagykun-Szolnok,Tiszaörs,183
Jász-Nagykun-Szolnok,Tiszapüspöki,172
Jász-Nagykun-Szolnok,Tiszaroff,183
Jász-Nagykun-Szolnok,Tiszasas,104
Jász-Nagykun-Szolnok,Tiszasüly,172
Jász-Nagykun-Szolnok,Tiszaszentimre,183
Jász-Nagykun-Szolnok,Tiszaszőlős,183
Jász-Nagykun-Szolnok,Tiszatenyő,172
Jász-Nagykun-Szolnok,Tiszavárkony,172
Jász-Nagykun-Szolnok,Tomajmonostora,183
Jász-Nagykun-Szolnok,Tószeg,172
Jász-Nagykun-Szolnok,Törökszentmiklós,172
Jász-Nagykun-Szolnok,Túrkeve,69
Jász-Nagykun-Szolnok,Újszász,16
Jász-Nagykun-Szolnok,Vezseny,172
Jász-Nagykun-Szolnok,Zagyvarékas,16
Komárom-Esztergom,Ács,80
Komárom-Esztergom,Ácsteszér,210
Komárom-Esztergom,Aka,210
Komárom-Esztergom,Almásfüzitő,80
Komárom-Esztergom,Annavölgy,33
Komárom-Esztergom,Ászár,80
Komárom-Esztergom,Bábolna,80
Komárom-Esztergom,Baj,182
Komárom-Esztergom,Bajna,33
Komárom-Esztergom,Bajót,33
Komárom-Esztergom,Bakonybánk,210
Komárom-Esztergom,Bakonysárkány,111
Komárom-Esztergom,Bakonyszombathely,210
Komárom-Esztergom,Bana,80
Komárom-Esztergom,Bársonyos,210
Komárom-Esztergom,Bokod,80
Komárom-Esztergom,Császár,80
Komárom-Esztergom,Csatka,210
Komárom-Esztergom,Csém,80
Komárom-Esztergom,Csép,80
Komárom-Esztergom,Csolnok,33
Komárom-Esztergom,Dad,80
Komárom-Esztergom,Dág,33
Komárom-Esztergom,Dorog,33
Komárom-Esztergom,Dömös,33
Komárom-Esztergom,Dunaalmás,182
Komárom-Esztergom,Dunaszentmiklós,182
Komárom-Esztergom,Epöl,33
Komárom-Esztergom,Esztergom,33
Komárom-Esztergom,Ete,80
Komárom-Esztergom,Gyermely,182
Komárom-Esztergom,Héreg,182
Komárom-Esztergom,Kecskéd,182
Komárom-Esztergom,Kerékteleki,210
Komárom-Esztergom,Kesztölc,33
Komárom-Esztergom,Kisbér,80
Komárom-Esztergom,Kisigmánd,80
Komárom-Esztergom,Kocs,80
Komárom-Esztergom,Komárom,80
Komárom-Esztergom,Kömlőd,80
Komárom-Esztergom,Környe,182
Komárom-Esztergom,Lábatlan,33
Komárom-Esztergom,Leányvár,33
Komárom-Esztergom,Máriahalom,33
Komárom-Esztergom,Mocsa,80
Komárom-Esztergom,Mogyorósbánya,33
Komárom-Esztergom,Nagyigmánd,80
Komárom-Esztergom,Nagysáp,33
Komárom-Esztergom,Naszály,182
Komárom-Esztergom,Neszmély,182
Komárom-Esztergom,Nyergesújfalu,33
Komárom-Esztergom,Oroszlány,182
Komárom-Esztergom,Piliscsév,33
Komárom-Esztergom,Pilismarót,33
Komárom-Esztergom,Réde,210
Komárom-Esztergom,Sárisáp,33
Komárom-Esztergom,Súr,210
Komárom-Esztergom,Süttő,33
Komárom-Esztergom,Szákszend,80
Komárom-Esztergom,Szárliget,196
Komárom-Esztergom,Szomód,182
Komárom-Esztergom,Szomor,182
Komárom-Esztergom,Tardos,182
Komárom-Esztergom,Tarján,182
Komárom-Esztergom,Tárkány,80
Komárom-Esztergom,Tát,33
Komárom-Esztergom,Tata,182
Komárom-Esztergom,Tatabánya,182
Komárom-Esztergom,Tokod,33
Komárom-Esztergom,Tokodaltáró,33
Komárom-Esztergom,Úny,33
Komárom-Esztergom,Várgesztes,182
Komárom-Esztergom,Vérteskethely,80
Komárom-Esztergom,Vértessomló,182
Komárom-Esztergom,Vértestolna,182
Komárom-Esztergom,Vértesszőlős,182
Nógrád,Alsópetény,7
Nógrád,Alsótold,171
Nógrád,Balassagyarmat,8
Nógrád,Bánk,6
Nógrád,Bárna,40
Nógrád,Bátonyterenye,39
Nógrád,Becske,171
Nógrád,Bér,170
Nógrád,Bercel,170
Nógrád,Berkenye,6
Nógrád,Bokor,171
Nógrád,Borsosberény,6
Nógrád,Buják,170
Nógrád,Cered,40
Nógrád,Csécse,170
Nógrád,Cserháthaláp,7
Nógrád,Cserhátsurány,7
Nógrád,Cserhátszentiván,171
Nógrád,Csesztve,8
Nógrád,Csitár,7
Nógrád,Debercsény,7
Nógrád,Dejtár,6
Nógrád,Diósjenő,6
Nógrád,Dorogháza,129
Nógrád,Drégelypalánk,6
Nógrád,Ecseg,170
Nógrád,Egyházasdengeleg,169
Nógrád,Egyházasgerge,39
Nógrád,Endrefalva,38
Nógrád,Erdőkürt,170
Nógrád,Erdőtarcsa,169
Nógrád,Érsekvadkert,6
Nógrád,Etes,39
Nógrád,Felsőpetény,7
Nógrád,Felsőtold,171
Nógrád,Galgaguta,170
Nógrád,Garáb,171
Nógrád,Héhalom,169
Nógrád,Herencsény,7
Nógrád,Hollókő,39
Nógrád,Hont,6
Nógrád,Horpács,6
Nógrád,Hugyag,7
Nógrád,Iliny,7
Nógrád,Ipolyszög,8
Nógrád,Ipolytarnóc,38
Nógrád,Ipolyvece,6
Nógrád,Jobbágyi,169
Nógrád,Kálló,170
Nógrád,Karancsalja,39
Nógrád,Karancsberény,39
Nógrád,Karancskeszi,39
Nógrád,Karancslapujtő,39
Nógrád,Karancsság,39
Nógrád,Kazár,40
Nógrád,Keszeg,7
Nógrád,Kétbodony,7
Nógrád,Kisbágyon,169
Nógrád,Kisbárkány,39
Nógrád,Kisecset,7
Nógrád,Kishartyán,39
Nógrád,Kozárd,171
Nógrád,Kutasó,171
Nógrád,Legénd,7
Nógrád,Litke,38
Nógrád,Lucfalva,39
Nógrád,Ludányhalászi,38
Nógrád,Magyargéc,39
Nógrád,Magyarnándor,7
Nógrád,Márkháza,39
Nógrád,Mátramindszent,128
Nógrád,Mátranovák,40
Nógrád,Mátraszele,40
Nógrád,Mátraszőlős,171
Nógrád,Mátraterenye,40
Nógrád,Mátraverebély,39
Nógrád,Mihálygerge,39
Nógrád,Mohora,7
Nógrád,Nagybárkány,39
Nógrád,Nagykeresztúr,39
Nógrád,Nagylóc,39
Nógrád,Nagyoroszi,6
Nógrád,Nemti,40
Nógrád,Nézsa,6
Nógrád,Nógrád,6
Nógrád,Nógrádkövesd,170
Nógrád,Nógrádmarcal,7
Nógrád,Nógrádmegyer,39
Nógrád,Nógrádsáp,6
Nógrád,Nógrádsipek,39
Nógrád,Nógrádszakál,38
Nógrád,Nőtincs,6
Nógrád,Őrhalom,7
Nógrád,Ősagárd,7
Nógrád,Palotás,169
Nógrád,Pásztó,44
Nógrád,Patak,6
Nógrád,Patvarc,8
Nógrád,Piliny,39
Nógrád,Pusztaberki,6
Nógrád,Rákóczibánya,39
Nógrád,Rétság,6
Nógrád,Rimóc,39
Nógrád,Romhány,6
Nógrád,Ságújfalu,39
Nógrád,Salgótarján,39
Nógrád,Sámsonháza,39
Nógrád,Somoskőújfalu,39
Nógrád,Sóshartyán,39
Nógrád,Szalmatercs,39
Nógrád,Szanda,171
Nógrád,Szarvasgede,169
Nógrád,Szátok,6
Nógrád,Szécsénke,7
Nógrád,Szécsény,38
Nógrád,Szécsényfelfalu,39
Nógrád,Szendehely,6
Nógrád,Szente,7
Nógrád,Szilaspogony,40
Nógrád,Szirák,170
Nógrád,Szuha,128
Nógrád,Szurdokpüspöki,44
Nógrád,Szügy,8
Nógrád,Tar,44
Nógrád,Terény,171
Nógrád,Tereske,6
Nógrád,Tolmács,6
Nógrád,Vanyarc,170
Nógrád,Varsány,38
Nógrád,Vizslás,40
Nógrád,Zabar,40
Pest,Abony,16
Pest,Acsa,15
Pest,Albertirsa,109
Pest,Alsónémedi,145
Pest,Apaj,88
Pest,Áporka,88
Pest,Aszód,41
Pest,Bag,41
Pest,Bénye,109
Pest,Bernecebaráti,198
Pest,Biatorbágy,156
Pest,Budajenő,156
Pest,Budakalász,156
Pest,Budakeszi,15
Pest,Budaörs,15
Pest,Bugyi,145
Pest,Cegléd,16
Pest,Ceglédbercel,16
Pest,Csemő,75
Pest,Csévharaszt,145
Pest,Csobánka,157
Pest,Csomád,15
Pest,Csömör,42
Pest,Csörög,15
Pest,Csővár,15
Pest,Dabas,145
Pest,Dánszentmiklós,110
Pest,Dány,41
Pest,Délegyháza,145
Pest,Diósd,195
Pest,Domony,41
Pest,Dömsöd,88
Pest,Dunabogdány,156
Pest,Dunaharaszti,145
Pest,Dunakeszi,15
Pest,Dunavarsány,145
Pest,Ecser,109
Pest,Érd,195
Pest,Erdőkertes,42
Pest,Farmos,16
Pest,Felsőpakony,145
Pest,Fót,15
Pest,Galgagyörk,15
Pest,Galgahévíz,41
Pest,Galgamácsa,41
Pest,Gomba,109
Pest,Göd,15
Pest,Gödöllő,42
Pest,Gyál,145
Pest,Gyömrő,109
Pest,Halásztelek,87
Pest,Herceghalom,156
Pest,Hernád,145
Pest,Hévízgyörk,41
Pest,Iklad,41
Pest,Inárcs,145
Pest,Ipolydamásd,197
Pest,Ipolytölgyes,197
Pest,Isaszeg,42
Pest,Jászkarajenő,173
Pest,Kakucs,145
Pest,Kartal,41
Pest,Káva,109
Pest,Kemence,198
Pest,Kerepes,42
Pest,Kiskunlacháza,88
Pest,Kismaros,6
Pest,Kisnémedi,15
Pest,Kisoroszi,6
Pest,Kistarcsa,42
Pest,Kocsér,173
Pest,Kóka,17
Pest,Kosd,6
Pest,Kóspallag,199
Pest,Kőröstetétlen,75
Pest,Leányfalu,156
Pest,Letkés,197
Pest,Lórév,87
Pest,Maglód,109
Pest,Majosháza,88
Pest,Makád,87
Pest,Márianosztra,199
Pest,Mende,109
Pest,Mikebuda,110
Pest,Mogyoród,42
Pest,Monor,109
Pest,Monorierdő,109
Pest,Nagybörzsöny,198
Pest,Nagykáta,17
Pest,Nagykovácsi,157
Pest,Nagykőrös,75
Pest,Nagymaros,199
Pest,Nagytarcsa,42
Pest,Nyáregyháza,110
Pest,Nyársapát,75
Pest,Ócsa,145
Pest,Őrbottyán,15
Pest,Örkény,145
Pest,Pánd,109
Pest,Páty,156
Pest,Pécel,42
Pest,Penc,6
Pest,Perbál,156
Pest,Perőcsény,198
Pest,Péteri,109
Pest,Pilis,109
Pest,Pilisborosjenő,156
Pest,Piliscsaba,157
Pest,Pilisjászfalu,157
Pest,Pilisvörösvár,156
Pest,Pilisszántó,157
Pest,Pilisszentiván,157
Pest,Pilisszentkereszt,157
Pest,Pilisszentlászló,157
Pest,Pócsmegyer,156
Pest,Pomáz,156
Pest,Pusztavacs,110
Pest,Pusztazámor,196
Pest,Püspökhatvan,15
Pest,Püspökszilágy,15
Pest,Ráckeve,87
Pest,Rád,6
Pest,Remeteszőlős,157
Pest,Solymár,156
Pest,Sóskút,196
Pest,Sülysáp,109
Pest,Szada,42
Pest,Százhalombatta,195
Pest,Szentendre,156
Pest,Szentlőrinckáta,17
Pest,Szentmártonkáta,17
Pest,Szigetbecse,87
Pest,Szigetcsép,87
Pest,Szigethalom,87
Pest,Szigetmonostor,156
Pest,Szigetszentmárton,87
Pest,Szigetszentmiklós,145
Pest,Szigetújfalu,87
Pest,Szob,197
Pest,Szokolya,199
Pest,Sződ,15
Pest,Sződliget,15
Pest,Táborfalva,145
Pest,Tahitótfalu,156
Pest,Taksony,145
Pest,Tápióbicske,109
Pest,Tápiógyörgye,16
Pest,Tápióság,17
Pest,Tápiószecső,17
Pest,Tápiószele,16
Pest,Tápiószentmárton,17
Pest,Tápiószőlős,16
Pest,Tárnok,195
Pest,Tatárszentgyörgy,145
Pest,Telki,156
Pest,Tésa,198
Pest,Tinnye,157
Pest,Tóalmás,17
Pest,Tök,156
Pest,Tököl,87
Pest,Törökbálint,15
Pest,Törtel,16
Pest,Tura,41
Pest,Újhartyán,145
Pest,Újlengyel,145
Pest,Újszilvás,16
Pest,Úri,109
Pest,Üllő,109
Pest,Üröm,156
Pest,Vác,15
Pest,Vácduka,15
Pest,Vácegres,41
Pest,Váchartyán,15
Pest,Váckisújfalu,41
Pest,Vácrátót,15
Pest,Vácszentlászló,41
Pest,Valkó,41
Pest,Vámosmikola,197
Pest,Vasad,110
Pest,Vecsés,109
Pest,Veresegyház,42
Pest,Verőce,6
Pest,Verseg,41
Pest,Visegrád,157
Pest,Zebegény,199
Pest,Zsámbék,156
Pest,Zsámbok,41
Somogy,Ádánd,67
Somogy,Alsóbogát,57
Somogy,Andocs,68
Somogy,Babócsa,21
Somogy,Bábonymegyer,68
Somogy,Bakháza,21
Somogy,Balatonberény,93
Somogy,Balatonboglár,67
Somogy,Balatonendréd,67
Somogy,Balatonfenyves,94
Somogy,Balatonföldvár,67
Somogy,Balatonkeresztúr,93
Somogy,Balatonlelle,67
Somogy,Balatonmáriafürdő,93
Somogy,Balatonőszöd,67
Somogy,Balatonszabadi,200
Somogy,Balatonszárszó,67
Somogy,Balatonszemes,67
Somogy,Balatonszentgyörgy,93
Somogy,Balatonújlak,93
Somogy,Balatonvilágos,200
Somogy,Bálványos,68
Somogy,Barcs,166
Somogy,Bárdudvarnok,63
Somogy,Baté,55
Somogy,Bedegkér,177
Somogy,Bélavár,21
Somogy,Beleg,21
Somogy,Berzence,21
Somogy,Bodrog,57
Somogy,Bolhás,21
Somogy,Bolhó,21
Somogy,Bonnya,68
Somogy,Böhönye,94
Somogy,Bőszénfa,63
Somogy,Buzsák,94
Somogy,Büssü,56
Somogy,Csákány,94
Somogy,Cserénfa,63
Somogy,Csokonyavisonta,165
Somogy,Csoma,55
Somogy,Csombárd,57
Somogy,Csököly,63
Somogy,Csömend,94
Somogy,Csurgó,21
Somogy,Csurgónagymarton,20
Somogy,Darány,166
Somogy,Drávagárdony,166
Somogy,Drávatamási,166
Somogy,Ecseny,57
Somogy,Edde,57
Somogy,Felsőmocsolád,57
Somogy,Fiad,68
Somogy,Fonó,55
Somogy,Fonyód,94
Somogy,Főnyed,93
Somogy,Gadács,56
Somogy,Gadány,93
Somogy,Gálosfa,63
Somogy,Gamás,68
Somogy,Gige,63
Somogy,Gölle,55
Somogy,Görgeteg,165
Somogy,Gyékényes,21
Somogy,Gyugy,94
Somogy,Hács,94
Somogy,Hajmás,63
Somogy,Háromfa,21
Somogy,Hedrehely,63
Somogy,Hencse,63
Somogy,Heresznye,21
Somogy,Hetes,55
Somogy,Hollád,93
Somogy,Homokszentgyörgy,165
Somogy,Hosszúvíz,94
Somogy,Igal,56
Somogy,Iharos,21
Somogy,Iharosberény,21
Somogy,Inke,21
Somogy,Istvándi,165
Somogy,Jákó,63
Somogy,Juta,55
Somogy,Kadarkút,63
Somogy,Kálmáncsa,165
Somogy,Kánya,177
Somogy,Kapoly,68
Somogy,Kaposfő,62
Somogy,Kaposgyarmat,63
Somogy,Kaposhomok,62
Somogy,Kaposkeresztúr,62
Somogy,Kaposmérő,62
Somogy,Kaposújlak,62
Somogy,Kaposvár,62
Somogy,Kaposszerdahely,63
Somogy,Kára,68
Somogy,Karád,68
Somogy,Kastélyosdombó,166
Somogy,Kaszó,21
Somogy,Kazsok,56
Somogy,Kelevíz,94
Somogy,Kercseliget,58
Somogy,Kereki,68
Somogy,Kéthely,93
Somogy,Kisasszond,63
Somogy,Kisbajom,63
Somogy,Kisbárapáti,68
Somogy,Kisberény,94
Somogy,Kisgyalán,55
Somogy,Kiskorpád,63
Somogy,Komlósd,165
Somogy,Kőkút,63
Somogy,Kőröshegy,67
Somogy,Kötcse,68
Somogy,Kutas,63
Somogy,Lábod,21
Somogy,Lad,165
Somogy,Lakócsa,166
Somogy,Látrány,68
Somogy,Lengyeltóti,94
Somogy,Libickozma,94
Somogy,Lulla,68
Somogy,Magyaratád,56
Somogy,Magyaregres,56
Somogy,Marcali,93
Somogy,Mernye,56
Somogy,Mesztegnyő,94
Somogy,Mezőcsokonya,57
Somogy,Mike,63
Somogy,Miklósi,68
Somogy,Mosdós,55
Somogy,Nágocs,68
Somogy,Nagyatád,21
Somogy,Nagybajom,62
Somogy,Nagyberény,67
Somogy,Nagyberki,55
Somogy,Nagycsepely,68
Somogy,Nagykorpád,63
Somogy,Nagyszakácsi,93
Somogy,Nemesdéd,94
Somogy,Nemeskisfalud,93
Somogy,Nemesvid,94
Somogy,Nikla,94
Somogy,Nyim,68
Somogy,Orci,55
Somogy,Ordacsehi,67
Somogy,Osztopán,57
Somogy,Öreglak,94
Somogy,Őrtilos,20
Somogy,Ötvöskónyi,21
Somogy,Pálmajor,62
Somogy,Pamuk,94
Somogy,Patalom,56
Somogy,Patca,63
Somogy,Patosfa,165
Somogy,Péterhida,165
Somogy,Pogányszentpéter,20
Somogy,Polány,57
Somogy,Porrog,20
Somogy,Porrogszentkirály,20
Somogy,Porrogszentpál,20
Somogy,Potony,166
Somogy,Pusztakovácsi,94
Somogy,Pusztaszemes,68
Somogy,Ráksi,56
Somogy,Rinyabesenyő,165
Somogy,Rinyakovácsi,63
Somogy,Rinyaszentkirály,21
Somogy,Rinyaújlak,165
Somogy,Rinyaújnép,21
Somogy,Ságvár,67
Somogy,Sántos,62
Somogy,Sávoly,93
Somogy,Segesd,21
Somogy,Sérsekszőlős,68
Somogy,Simonfa,63
Somogy,Siófok,200
Somogy,Siójut,67
Somogy,Som,67
Somogy,Somodor,55
Somogy,Somogyacsa,68
Somogy,Somogyaracs,165
Somogy,Somogyaszaló,56
Somogy,Somogybabod,68
Somogy,Somogybükkösd,20
Somogy,Somogycsicsó,21
Somogy,Somogydöröcske,68
Somogy,Somogyegres,68
Somogy,Somogyfajsz,94
Somogy,Somogygeszti,57
Somogy,Somogyjád,57
Somogy,Somogymeggyes,68
Somogy,Somogysámson,93
Somogy,Somogysárd,62
Somogy,Somogysimonyi,94
Somogy,Somogyszentpál,94
Somogy,Somogyszil,56
Somogy,Somogyszob,21
Somogy,Somogytúr,68
Somogy,Somogyudvarhely,21
Somogy,Somogyvámos,94
Somogy,Somogyvár,94
Somogy,Somogyzsitfa,93
Somogy,Szabadi,55
Somogy,Szabás,63
Somogy,Szántód,67
Somogy,Szegerdő,93
Somogy,Szenna,63
Somogy,Szenta,21
Somogy,Szentbalázs,62
Somogy,Szentborbás,166
Somogy,Szentgáloskér,56
Somogy,Szenyér,93
Somogy,Szilvásszentmárton,63
Somogy,Szólád,68
Somogy,Szorosad,68
Somogy,Szőkedencs,94
Somogy,Szőlősgyörök,68
Somogy,Szulok,165
Somogy,Tab,68
Somogy,Tapsony,93
Somogy,Tarany,21
Somogy,Táska,94
Somogy,Taszár,55
Somogy,Teleki,68
Somogy,Tengőd,177
Somogy,Tikos,93
Somogy,Torvaj,68
Somogy,Tótújfalu,166
Somogy,Törökkoppány,68
Somogy,Újvárfalva,62
Somogy,Varászló,94
Somogy,Várda,55
Somogy,Vése,94
Somogy,Visnye,63
Somogy,Visz,68
Somogy,Vízvár,21
Somogy,Vörs,93
Somogy,Zákány,20
Somogy,Zákányfalu,20
Somogy,Zala,68
Somogy,Zamárdi,67
Somogy,Zics,68
Somogy,Zimány,55
Somogy,Zselickisfalud,63
Somogy,Zselickislak,63
Somogy,Zselicszentpál,63
Szabolcs-Szatmár-Bereg,Ajak,82
Szabolcs-Szatmár-Bereg,Anarcs,83
Szabolcs-Szatmár-Bereg,Apagy,115
Szabolcs-Szatmár-Bereg,Aranyosapáti,82
Szabolcs-Szatmár-Bereg,Baktalórántháza,83
Szabolcs-Szatmár-Bereg,Balkány,115
Szabolcs-Szatmár-Bereg,Balsa,121
Szabolcs-Szatmár-Bereg,Barabás,12
Szabolcs-Szatmár-Bereg,Bátorliget,115
Szabolcs-Szatmár-Bereg,Benk,82
Szabolcs-Szatmár-Bereg,Beregdaróc,12
Szabolcs-Szatmár-Bereg,Beregsurány,12
Szabolcs-Szatmár-Bereg,Berkesz,121
Szabolcs-Szatmár-Bereg,Besenyőd,115
Szabolcs-Szatmár-Bereg,Beszterec,121
Szabolcs-Szatmár-Bereg,Biri,115
Szabolcs-Szatmár-Bereg,Botpalád,35
Szabolcs-Szatmár-Bereg,Bököny,115
Szabolcs-Szatmár-Bereg,Buj,121
Szabolcs-Szatmár-Bereg,Cégénydányád,34
Szabolcs-Szatmár-Bereg,Csaholc,35
Szabolcs-Szatmár-Bereg,Csaroda,12
Szabolcs-Szatmár-Bereg,Császló,35
Szabolcs-Szatmár-Bereg,Csegöld,34
Szabolcs-Szatmár-Bereg,Csenger,98
Szabolcs-Szatmár-Bereg,Csengersima,35
Szabolcs-Szatmár-Bereg,Csengerújfalu,98
Szabolcs-Szatmár-Bereg,Darnó,35
Szabolcs-Szatmár-Bereg,Demecser,121
Szabolcs-Szatmár-Bereg,Dombrád,82
Szabolcs-Szatmár-Bereg,Döge,82
Szabolcs-Szatmár-Bereg,Encsencs,115
Szabolcs-Szatmár-Bereg,Eperjeske,83
Szabolcs-Szatmár-Bereg,Érpatak,115
Szabolcs-Szatmár-Bereg,Fábiánháza,116
Szabolcs-Szatmár-Bereg,Fehérgyarmat,34
Szabolcs-Szatmár-Bereg,Fényeslitke,82
Szabolcs-Szatmár-Bereg,Fülesd,35
Szabolcs-Szatmár-Bereg,Fülpösdaróc,34
Szabolcs-Szatmár-Bereg,Gacsály,35
Szabolcs-Szatmár-Bereg,Garbolc,35
Szabolcs-Szatmár-Bereg,Gávavencsellő,121
Szabolcs-Szatmár-Bereg,Géberjén,34
Szabolcs-Szatmár-Bereg,Gégény,121
Szabolcs-Szatmár-Bereg,Gelénes,12
Szabolcs-Szatmár-Bereg,Gemzse,83
Szabolcs-Szatmár-Bereg,Geszteréd,115
Szabolcs-Szatmár-Bereg,Gulács,12
Szabolcs-Szatmár-Bereg,Győröcske,191
Szabolcs-Szatmár-Bereg,Győrtelek,98
Szabolcs-Szatmár-Bereg,Gyulaháza,83
Szabolcs-Szatmár-Bereg,Gyügye,34
Szabolcs-Szatmár-Bereg,Gyüre,82
Szabolcs-Szatmár-Bereg,Hermánszeg,34
Szabolcs-Szatmár-Bereg,Hetefejércse,12
Szabolcs-Szatmár-Bereg,Hodász,99
Szabolcs-Szatmár-Bereg,Ibrány,121
Szabolcs-Szatmár-Bereg,Ilk,99
Szabolcs-Szatmár-Bereg,Jánd,12
Szabolcs-Szatmár-Bereg,Jánkmajtis,34
Szabolcs-Szatmár-Bereg,Jármi,99
Szabolcs-Szatmár-Bereg,Jéke,83
Szabolcs-Szatmár-Bereg,Kállósemjén,115
Szabolcs-Szatmár-Bereg,Kálmánháza,115
Szabolcs-Szatmár-Bereg,Kántorjánosi,99
Szabolcs-Szatmár-Bereg,Kék,121
Szabolcs-Szatmár-Bereg,Kékcse,82
Szabolcs-Szatmár-Bereg,Kemecse,121
Szabolcs-Szatmár-Bereg,Kérsemjén,34
Szabolcs-Szatmár-Bereg,Kisar,34
Szabolcs-Szatmár-Bereg,Kishódos,35
Szabolcs-Szatmár-Bereg,Kisléta,115
Szabolcs-Szatmár-Bereg,Kisnamény,35
Szabolcs-Szatmár-Bereg,Kispalád,35
Szabolcs-Szatmár-Bereg,Kisvárda,82
Szabolcs-Szatmár-Bereg,Kisvarsány,82
Szabolcs-Szatmár-Bereg,Kisszekeres,35
Szabolcs-Szatmár-Bereg,Kocsord,98
Szabolcs-Szatmár-Bereg,Komlódtótfalu,34
Szabolcs-Szatmár-Bereg,Komoró,82
Szabolcs-Szatmár-Bereg,Kótaj,121
Szabolcs-Szatmár-Bereg,Kölcse,35
Szabolcs-Szatmár-Bereg,Kömörő,35
Szabolcs-Szatmár-Bereg,Laskod,83
Szabolcs-Szatmár-Bereg,Levelek,115
Szabolcs-Szatmár-Bereg,Lónya,12
Szabolcs-Szatmár-Bereg,Lövőpetri,83
Szabolcs-Szatmár-Bereg,Magosliget,35
Szabolcs-Szatmár-Bereg,Magy,115
Szabolcs-Szatmár-Bereg,Mánd,35
Szabolcs-Szatmár-Bereg,Mándok,83
Szabolcs-Szatmár-Bereg,Máriapócs,115
Szabolcs-Szatmár-Bereg,Márokpapi,12
Szabolcs-Szatmár-Bereg,Mátészalka,99
Szabolcs-Szatmár-Bereg,Mátyus,12
Szabolcs-Szatmár-Bereg,Méhtelek,35
Szabolcs-Szatmár-Bereg,Mérk,116
Szabolcs-Szatmár-Bereg,Mezőladány,82
Szabolcs-Szatmár-Bereg,Milota,34
Szabolcs-Szatmár-Bereg,Nábrád,34
Szabolcs-Szatmár-Bereg,Nagyar,34
Szabolcs-Szatmár-Bereg,Nagycserkesz,121
Szabolcs-Szatmár-Bereg,Nagydobos,99
Szabolcs-Szatmár-Bereg,Nagyecsed,116
Szabolcs-Szatmár-Bereg,Nagyhalász,121
Szabolcs-Szatmár-Bereg,Nagyhódos,35
Szabolcs-Szatmár-Bereg,Nagykálló,115
Szabolcs-Szatmár-Bereg,Nagyszekeres,35
Szabolcs-Szatmár-Bereg,Nagyvarsány,82
Szabolcs-Szatmár-Bereg,Napkor,115
Szabolcs-Szatmár-Bereg,Nemesborzova,35
Szabolcs-Szatmár-Bereg,Nyírbátor,115
Szabolcs-Szatmár-Bereg,Nyírbéltek,115
Szabolcs-Szatmár-Bereg,Nyírbogát,115
Szabolcs-Szatmár-Bereg,Nyírbogdány,121
Szabolcs-Szatmár-Bereg,Nyírcsaholy,99
Szabolcs-Szatmár-Bereg,Nyírcsászári,99
Szabolcs-Szatmár-Bereg,Nyírderzs,99
Szabolcs-Szatmár-Bereg,Nyíregyháza,121
Szabolcs-Szatmár-Bereg,Nyírgelse,115
Szabolcs-Szatmár-Bereg,Nyírgyulaj,115
Szabolcs-Szatmár-Bereg,Nyíribrony,115
Szabolcs-Szatmár-Bereg,Nyírjákó,83
Szabolcs-Szatmár-Bereg,Nyírkarász,83
Szabolcs-Szatmár-Bereg,Nyírkáta,99
Szabolcs-Szatmár-Bereg,Nyírkércs,115
Szabolcs-Szatmár-Bereg,Nyírlövő,83
Szabolcs-Szatmár-Bereg,Nyírlugos,115
Szabolcs-Szatmár-Bereg,Nyírmada,83
Szabolcs-Szatmár-Bereg,Nyírmeggyes,99
Szabolcs-Szatmár-Bereg,Nyírmihálydi,115
Szabolcs-Szatmár-Bereg,Nyírparasznya,99
Szabolcs-Szatmár-Bereg,Nyírpazony,121
Szabolcs-Szatmár-Bereg,Nyírpilis,115
Szabolcs-Szatmár-Bereg,Nyírtass,83
Szabolcs-Szatmár-Bereg,Nyírtelek,121
Szabolcs-Szatmár-Bereg,Nyírtét,121
Szabolcs-Szatmár-Bereg,Nyírtura,121
Szabolcs-Szatmár-Bereg,Nyírvasvári,116
Szabolcs-Szatmár-Bereg,Ófehértó,115
Szabolcs-Szatmár-Bereg,Olcsva,98
Szabolcs-Szatmár-Bereg,Olcsvaapáti,34
Szabolcs-Szatmár-Bereg,Ópályi,99
Szabolcs-Szatmár-Bereg,Ököritófülpös,98
Szabolcs-Szatmár-Bereg,Ömböly,116
Szabolcs-Szatmár-Bereg,Őr,115
Szabolcs-Szatmár-Bereg,Panyola,34
Szabolcs-Szatmár-Bereg,Pap,83
Szabolcs-Szatmár-Bereg,Papos,99
Szabolcs-Szatmár-Bereg,Paszab,121
Szabolcs-Szatmár-Bereg,Pátroha,82
Szabolcs-Szatmár-Bereg,Pátyod,98
Szabolcs-Szatmár-Bereg,Penészlek,116
Szabolcs-Szatmár-Bereg,Penyige,35
Szabolcs-Szatmár-Bereg,Petneháza,83
Szabolcs-Szatmár-Bereg,Piricse,115
Szabolcs-Szatmár-Bereg,Pócspetri,115
Szabolcs-Szatmár-Bereg,Porcsalma,98
Szabolcs-Szatmár-Bereg,Pusztadobos,83
Szabolcs-Szatmár-Bereg,Rakamaz,121
Szabolcs-Szatmár-Bereg,Ramocsaháza,115
Szabolcs-Szatmár-Bereg,Rápolt,98
Szabolcs-Szatmár-Bereg,Rétközberencs,82
Szabolcs-Szatmár-Bereg,Rohod,83
Szabolcs-Szatmár-Bereg,Rozsály,35
Szabolcs-Szatmár-Bereg,Sényő,121
Szabolcs-Szatmár-Bereg,Sonkád,35
Szabolcs-Szatmár-Bereg,Szabolcs,121
Szabolcs-Szatmár-Bereg,Szabolcsbáka,83
Szabolcs-Szatmár-Bereg,Szabolcsveresmart,82
Szabolcs-Szatmár-Bereg,Szakoly,115
Szabolcs-Szatmár-Bereg,Szamosangyalos,98
Szabolcs-Szatmár-Bereg,Szamosbecs,34
Szabolcs-Szatmár-Bereg,Szamoskér,98
Szabolcs-Szatmár-Bereg,Szamossályi,98
Szabolcs-Szatmár-Bereg,Szamostatárfalva,34
Szabolcs-Szatmár-Bereg,Szamosújlak,34
Szabolcs-Szatmár-Bereg,Szamosszeg,98
Szabolcs-Szatmár-Bereg,Szatmárcseke,34
Szabolcs-Szatmár-Bereg,Székely,121
Szabolcs-Szatmár-Bereg,Szorgalmatos,122
Szabolcs-Szatmár-Bereg,Tákos,12
Szabolcs-Szatmár-Bereg,Tarpa,12
Szabolcs-Szatmár-Bereg,Terem,116
Szabolcs-Szatmár-Bereg,Tiborszállás,116
Szabolcs-Szatmár-Bereg,Timár,121
Szabolcs-Szatmár-Bereg,Tiszaadony,12
Szabolcs-Szatmár-Bereg,Tiszabecs,34
Szabolcs-Szatmár-Bereg,Tiszabercel,121
Szabolcs-Szatmár-Bereg,Tiszabezdéd,82
Szabolcs-Szatmár-Bereg,Tiszacsécse,34
Szabolcs-Szatmár-Bereg,Tiszadada,122
Szabolcs-Szatmár-Bereg,Tiszadob,122
Szabolcs-Szatmár-Bereg,Tiszaeszlár,122
Szabolcs-Szatmár-Bereg,Tiszakanyár,82
Szabolcs-Szatmár-Bereg,Tiszakerecseny,12
Szabolcs-Szatmár-Bereg,Tiszakóród,34
Szabolcs-Szatmár-Bereg,Tiszalök,122
Szabolcs-Szatmár-Bereg,Tiszamogyorós,82
Szabolcs-Szatmár-Bereg,Tiszanagyfalu,121
Szabolcs-Szatmár-Bereg,Tiszarád,121
Szabolcs-Szatmár-Bereg,Tiszaszalka,12
Szabolcs-Szatmár-Bereg,Tiszaszentmárton,82
Szabolcs-Szatmár-Bereg,Tiszatelek,121
Szabolcs-Szatmár-Bereg,Tiszavasvári,122
Szabolcs-Szatmár-Bereg,Tiszavid,12
Szabolcs-Szatmár-Bereg,Tisztaberek,35
Szabolcs-Szatmár-Bereg,Tivadar,12
Szabolcs-Szatmár-Bereg,Tornyospálca,83
Szabolcs-Szatmár-Bereg,Tunyogmatolcs,98
Szabolcs-Szatmár-Bereg,Túristvándi,34
Szabolcs-Szatmár-Bereg,Túrricse,35
Szabolcs-Szatmár-Bereg,Tuzsér,82
Szabolcs-Szatmár-Bereg,Tyukod,98
Szabolcs-Szatmár-Bereg,Újdombrád,82
Szabolcs-Szatmár-Bereg,Újfehértó,115
Szabolcs-Szatmár-Bereg,Újkenéz,82
Szabolcs-Szatmár-Bereg,Ura,98
Szabolcs-Szatmár-Bereg,Uszka,35
Szabolcs-Szatmár-Bereg,Vaja,83
Szabolcs-Szatmár-Bereg,Vállaj,116
Szabolcs-Szatmár-Bereg,Vámosatya,12
Szabolcs-Szatmár-Bereg,Vámosoroszi,35
Szabolcs-Szatmár-Bereg,Vásárosnamény,12
Szabolcs-Szatmár-Bereg,Vasmegyer,121
Szabolcs-Szatmár-Bereg,Záhony,191
Szabolcs-Szatmár-Bereg,Zajta,35
Szabolcs-Szatmár-Bereg,Zsarolyán,34
Szabolcs-Szatmár-Bereg,Zsurk,82
Tolna,Alsónána,155
Tolna,Alsónyék,154
Tolna,Aparhant,153
Tolna,Attala,55
Tolna,Báta,154
Tolna,Bátaapáti,155
Tolna,Bátaszék,154
Tolna,Belecska,27
Tolna,Bikács,28
Tolna,Bogyiszló,61
Tolna,Bonyhád,153
Tolna,Bonyhádvarasd,153
Tolna,Bölcske,28
Tolna,Cikó,155
Tolna,Csibrák,27
Tolna,Csikóstőttős,96
Tolna,Dalmand,177
Tolna,Decs,154
Tolna,Diósberény,27
Tolna,Dombóvár,177
Tolna,Döbrököz,177
Tolna,Dunaföldvár,28
Tolna,Dunaszentgyörgy,154
Tolna,Dúzs,27
Tolna,Értény,177
Tolna,Fácánkert,154
Tolna,Fadd,154
Tolna,Felsőnána,27
Tolna,Felsőnyék,177
Tolna,Fürged,177
Tolna,Gerjen,154
Tolna,Grábóc,155
Tolna,Gyönk,27
Tolna,Györe,155
Tolna,Györköny,28
Tolna,Gyulaj,177
Tolna,Harc,154
Tolna,Hőgyész,27
Tolna,Iregszemcse,177
Tolna,Izmény,153
Tolna,Jágónak,96
Tolna,Kajdacs,28
Tolna,Kakasd,153
Tolna,Kalaznó,27
Tolna,Kapospula,55
Tolna,Kaposszekcső,96
Tolna,Keszőhidegkút,27
Tolna,Kéty,153
Tolna,Kisdorog,153
Tolna,Kismányok,155
Tolna,Kistormás,27
Tolna,Kisvejke,155
Tolna,Kisszékely,27
Tolna,Kocsola,177
Tolna,Koppányszántó,177
Tolna,Kölesd,27
Tolna,Kurd,177
Tolna,Lápafő,177
Tolna,Lengyel,155
Tolna,Madocsa,28
Tolna,Magyarkeszi,177
Tolna,Medina,154
Tolna,Miszla,27
Tolna,Mórágy,155
Tolna,Mőcsény,155
Tolna,Mucsfa,155
Tolna,Mucsi,27
Tolna,Murga,27
Tolna,Nagydorog,28
Tolna,Nagykónyi,177
Tolna,Nagymányok,153
Tolna,Nagyszékely,27
Tolna,Nagyszokoly,177
Tolna,Nagyvejke,155
Tolna,Nak,177
Tolna,Németkér,28
Tolna,Ozora,177
Tolna,Őcsény,154
Tolna,Paks,28
Tolna,Pálfa,27
Tolna,Pári,177
Tolna,Pincehely,177
Tolna,Pörböly,154
Tolna,Pusztahencse,28
Tolna,Regöly,177
Tolna,Sárpilis,154
Tolna,Sárszentlőrinc,27
Tolna,Simontornya,27
Tolna,Sióagárd,154
Tolna,Szakadát,27
Tolna,Szakály,177
Tolna,Szakcs,177
Tolna,Szálka,155
Tolna,Szárazd,27
Tolna,Szedres,154
Tolna,Szekszárd,154
Tolna,Tamási,177
Tolna,Tengelic,154
Tolna,Tevel,153
Tolna,Tolna,154
Tolna,Tolnanémedi,27
Tolna,Udvari,27
Tolna,Újireg,177
Tolna,Váralja,155
Tolna,Várdomb,154
Tolna,Várong,177
Tolna,Varsád,27
Tolna,Závod,155
Tolna,Zomba,153
Vas,Acsád,175
Vas,Alsószölnök,158
Vas,Alsóújlak,194
Vas,Andrásfa,194
Vas,Apátistvánfalva,158
Vas,Bajánsenye,85
Vas,Balogunyom,174
Vas,Bejcgyertyános,136
Vas,Bérbaltavár,194
Vas,Boba,136
Vas,Borgáta,136
Vas,Bozzai,174
Vas,Bozsok,86
Vas,Bő,18
Vas,Bögöt,135
Vas,Bögöte,194
Vas,Bucsu,176
Vas,Bük,18
Vas,Cák,86
Vas,Celldömölk,136
Vas,Chernelházadamonya,18
Vas,Csákánydoroszló,84
Vas,Csánig,135
Vas,Csehi,194
Vas,Csehimindszent,194
Vas,Csempeszkopács,174
Vas,Csénye,135
Vas,Csepreg,18
Vas,Csipkerek,194
Vas,Csönge,136
Vas,Csörötnek,159
Vas,Daraboshegy,85
Vas,Dozmat,176
Vas,Döbörhegy,194
Vas,Döröske,194
Vas,Duka,193
Vas,Egervölgy,194
Vas,Egyházashetye,136
Vas,Egyházashollós,192
Vas,Egyházasrádóc,84
Vas,Felsőcsatár,176
Vas,Felsőjánosfa,85
Vas,Felsőmarác,85
Vas,Felsőszölnök,158
Vas,Gasztony,84
Vas,Gencsapáti,174
Vas,Gérce,136
Vas,Gersekarát,194
Vas,Gór,135
Vas,Gyanógeregye,174
Vas,Gyöngyösfalu,174
Vas,Győrvár,194
Vas,Halastó,85
Vas,Halogy,85
Vas,Harasztifalu,84
Vas,Hegyfalu,135
Vas,Hegyháthodász,85
Vas,Hegyhátsál,84
Vas,Hegyhátszentjakab,85
Vas,Hegyhátszentmárton,85
Vas,Hegyhátszentpéter,194
Vas,Horvátlövő,176
Vas,Horvátzsidány,19
Vas,Hosszúpereszteg,194
Vas,Ikervár,135
Vas,Iklanberény,18
Vas,Ispánk,85
Vas,Ivánc,85
Vas,Ják,176
Vas,Jákfa,135
Vas,Jánosháza,193
Vas,Káld,136
Vas,Kám,194
Vas,Karakó,193
Vas,Katafa,84
Vas,Keléd,193
Vas,Kemeneskápolna,136
Vas,Kemenesmagasi,136
Vas,Kemenesmihályfa,136
Vas,Kemenespálfa,193
Vas,Kemenessömjén,136
Vas,Kemenesszentmárton,136
Vas,Kemestaródfa,84
Vas,Kenéz,135
Vas,Kenyeri,136
Vas,Kercaszomor,85
Vas,Kerkáskápolna,85
Vas,Kétvölgy,158
Vas,Kisrákos,85
Vas,Kissomlyó,193
Vas,Kisunyom,174
Vas,Kiszsidány,19
Vas,Kondorfa,85
Vas,Köcsk,136
Vas,Körmend,84
Vas,Kőszeg,86
Vas,Kőszegdoroszló,86
Vas,Kőszegpaty,174
Vas,Kőszegszerdahely,86
Vas,Lócs,18
Vas,Lukácsháza,174
Vas,Magyarlak,159
Vas,Magyarnádalja,84
Vas,Magyarszecsőd,84
Vas,Magyarszombatfa,85
Vas,Megyehíd,135
Vas,Meggyeskovácsi,135
Vas,Mersevát,136
Vas,Mesterháza,18
Vas,Mesteri,136
Vas,Meszlen,175
Vas,Mikosszéplak,194
Vas,Molnaszecsőd,84
Vas,Nádasd,84
Vas,Nagygeresd,18
Vas,Nagykölked,84
Vas,Nagymizdó,84
Vas,Nagyrákos,85
Vas,Nagysimonyi,136
Vas,Nagytilaj,194
Vas,Nárai,176
Vas,Narda,176
Vas,Nemesbőd,174
Vas,Nemescsó,175
Vas,Nemeskeresztúr,193
Vas,Nemeskocs,136
Vas,Nemeskolta,174
Vas,Nemesládony,18
Vas,Nemesmedves,159
Vas,Nemesrempehollós,192
Vas,Nick,135
Vas,Nyőgér,136
Vas,Olaszfa,194
Vas,Ólmod,19
Vas,Orfalu,158
Vas,Ostffyasszonyfa,136
Vas,Oszkó,194
Vas,Ölbő,135
Vas,Őrimagyarósd,85
Vas,Őriszentpéter,85
Vas,Pácsony,194
Vas,Pankasz,85
Vas,Pápoc,136
Vas,Pecöl,135
Vas,Perenye,174
Vas,Peresznye,19
Vas,Petőmihályfa,194
Vas,Pinkamindszent,84
Vas,Pornóapáti,176
Vas,Porpác,174
Vas,Pósfa,135
Vas,Pusztacsó,174
Vas,Püspökmolnári,192
Vas,Rábagyarmat,159
Vas,Rábahídvég,192
Vas,Rábapaty,135
Vas,Rábatöttös,174
Vas,Rádóckölked,84
Vas,Rátót,84
Vas,Répcelak,135
Vas,Répceszentgyörgy,135
Vas,Rönök,159
Vas,Rum,192
Vas,Sajtoskál,18
Vas,Salköveskút,174
Vas,Sárfimizdó,194
Vas,Sárvár,135
Vas,Sé,174
Vas,Simaság,18
Vas,Sitke,136
Vas,Sorkifalud,174
Vas,Sorkikápolna,174
Vas,Sorokpolány,174
Vas,Sótony,136
Vas,Söpte,174
Vas,Szaknyér,85
Vas,Szakonyfalu,158
Vas,Szalafő,85
Vas,Szarvaskend,84
Vas,Szatta,85
Vas,Szeleste,135
Vas,Szemenye,194
Vas,Szentgotthárd,159
Vas,Szentpéterfa,84
Vas,Szergény,136
Vas,Szombathely,174
Vas,Szőce,85
Vas,Tanakajd,174
Vas,Táplánszentkereszt,174
Vas,Telekes,194
Vas,Tokorcs,136
Vas,Tompaládony,18
Vas,Tormásliget,18
Vas,Torony,176
Vas,Tömörd,175
Vas,Uraiújfalu,135
Vas,Vámoscsalád,135
Vas,Vasalja,84
Vas,Vásárosmiske,136
Vas,Vasasszonyfa,174
Vas,Vasegerszeg,135
Vas,Vashosszúfalu,193
Vas,Vaskeresztes,176
Vas,Vassurány,174
Vas,Vasvár,194
Vas,Vasszécseny,174
Vas,Vasszentmihály,159
Vas,Vasszilvágy,175
Vas,Vát,175
Vas,Velem,86
Vas,Velemér,85
Vas,Vép,174
Vas,Viszák,85
Vas,Vönöck,136
Vas,Zsédeny,135
Vas,Zsennye,192
Veszprém,Ábrahámhegy,180
Veszprém,Adásztevel,123
Veszprém,Adorjánháza,25
Veszprém,Ajka,25
Veszprém,Alsóörs,181
Veszprém,Apácatorna,25
Veszprém,Aszófő,181
Veszprém,Badacsonytomaj,178
Veszprém,Badacsonytördemic,178
Veszprém,Bakonybél,211
Veszprém,Bakonygyirót,210
Veszprém,Bakonyjákó,125
Veszprém,Bakonykoppány,125
Veszprém,Bakonynána,211
Veszprém,Bakonyoszlop,211
Veszprém,Bakonypölöske,26
Veszprém,Bakonyság,123
Veszprém,Bakonyszentiván,123
Veszprém,Bakonyszentkirály,211
Veszprém,Bakonyszentlászló,210
Veszprém,Bakonyszücs,125
Veszprém,Bakonytamási,125
Veszprém,Balatonakali,180
Veszprém,Balatonakarattya,204
Veszprém,Balatonalmádi,204
Veszprém,Balatoncsicsó,179
Veszprém,Balatonederics,78
Veszprém,Balatonfőkajár,200
Veszprém,Balatonfüred,181
Veszprém,Balatonfűzfő,204
Veszprém,Balatonhenye,179
Veszprém,Balatonkenese,204
Veszprém,Balatonrendes,180
Veszprém,Balatonszepezd,180
Veszprém,Balatonszőlős,181
Veszprém,Balatonudvari,180
Veszprém,Bánd,202
Veszprém,Barnag,203
Veszprém,Bazsi,147
Veszprém,Béb,123
Veszprém,Békás,124
Veszprém,Berhida,201
Veszprém,Bodorfa,148
Veszprém,Borszörcsök,25
Veszprém,Borzavár,211
Veszprém,Csabrendek,148
Veszprém,Csajág,200
Veszprém,Csehbánya,202
Veszprém,Csesznek,211
Veszprém,Csetény,210
Veszprém,Csopak,181
Veszprém,Csót,123
Veszprém,Csögle,25
Veszprém,Dabronc,147
Veszprém,Dabrony,25
Veszprém,Dáka,124
Veszprém,Devecser,25
Veszprém,Doba,25
Veszprém,Döbrönte,124
Veszprém,Dörgicse,180
Veszprém,Dudar,211
Veszprém,Egeralja,25
Veszprém,Egyházaskesző,136
Veszprém,Eplény,211
Veszprém,Farkasgyepű,125
Veszprém,Felsőörs,181
Veszprém,Fenyőfő,125
Veszprém,Ganna,124
Veszprém,Gecse,125
Veszprém,Gic,210
Veszprém,Gógánfa,147
Veszprém,Gyepükaján,148
Veszprém,Gyulakeszi,178
Veszprém,Hajmáskér,201
Veszprém,Halimba,26
Veszprém,Hárskút,202
Veszprém,Hegyesd,178
Veszprém,Hegymagas,178
Veszprém,Herend,202
Veszprém,Hetyefő,147
Veszprém,Hidegkút,203
Veszprém,Homokbödöge,125
Veszprém,Hosztót,148
Veszprém,Iszkáz,25
Veszprém,Jásd,211
Veszprém,Kamond,25
Veszprém,Kapolcs,179
Veszprém,Káptalanfa,148
Veszprém,Káptalantóti,178
Veszprém,Karakószörcsök,25
Veszprém,Kékkút,179
Veszprém,Kemeneshőgyész,136
Veszprém,Kemenesszentpéter,136
Veszprém,Kerta,25
Veszprém,Királyszentistván,201
Veszprém,Kisapáti,178
Veszprém,Kisberzseny,25
Veszprém,Kiscsősz,25
Veszprém,Kislőd,26
Veszprém,Kispirit,25
Veszprém,Kisszőlős,25
Veszprém,Kolontár,26
Veszprém,Kővágóörs,180
Veszprém,Köveskál,180
Veszprém,Kup,124
Veszprém,Külsővat,25
Veszprém,Küngös,201
Veszprém,Lesencefalu,78
Veszprém,Lesenceistvánd,78
Veszprém,Lesencetomaj,78
Veszprém,Litér,201
Veszprém,Lókút,211
Veszprém,Lovas,181
Veszprém,Lovászpatona,125
Veszprém,Magyargencs,136
Veszprém,Magyarpolány,26
Veszprém,Malomsok,46
Veszprém,Marcalgergelyi,124
Veszprém,Marcaltő,123
Veszprém,Márkó,202
Veszprém,Megyer,147
Veszprém,Mencshely,203
Veszprém,Mezőlak,123
Veszprém,Mihályháza,124
Veszprém,Mindszentkálla,179
Veszprém,Monostorapáti,179
Veszprém,Monoszló,179
Veszprém,Nagyacsád,123
Veszprém,Nagyalásony,25
Veszprém,Nagydém,125
Veszprém,Nagyesztergár,211
Veszprém,Nagygyimót,123
Veszprém,Nagypirit,25
Veszprém,Nagytevel,123
Veszprém,Nagyvázsony,203
Veszprém,Nemesgörzsöny,123
Veszprém,Nemesgulács,178
Veszprém,Nemeshany,148
Veszprém,Nemesvámos,204
Veszprém,Nemesvita,78
Veszprém,Nemesszalók,25
Veszprém,Németbánya,125
Veszprém,Nóráp,123
Veszprém,Noszlop,25
Veszprém,Nyárád,25
Veszprém,Nyirád,148
Veszprém,Óbudavár,179
Veszprém,Olaszfalu,211
Veszprém,Oroszi,25
Veszprém,Öcs,26
Veszprém,Örvényes,180
Veszprém,Ősi,201
Veszprém,Öskü,201
Veszprém,Paloznak,181
Veszprém,Pápa,123
Veszprém,Pápadereske,124
Veszprém,Pápakovácsi,123
Veszprém,Pápasalamon,25
Veszprém,Pápateszér,125
Veszprém,Papkeszi,201
Veszprém,Pécsely,181
Veszprém,Pénzesgyőr,211
Veszprém,Pétfürdő,201
Veszprém,Porva,211
Veszprém,Pula,179
Veszprém,Pusztamiske,26
Veszprém,Raposka,178
Veszprém,Révfülöp,180
Veszprém,Rigács,147
Veszprém,Románd,210
Veszprém,Salföld,178
Veszprém,Sáska,178
Veszprém,Sikátor,210
Veszprém,Sóly,201
Veszprém,Somlójenő,25
Veszprém,Somlószőlős,25
Veszprém,Somlóvásárhely,25
Veszprém,Somlóvecse,25
Veszprém,Sümeg,148
Veszprém,Sümegprága,147
Veszprém,Szápár,210
Veszprém,Szentantalfa,179
Veszprém,Szentbékkálla,179
Veszprém,Szentgál,202
Veszprém,Szentimrefalva,148
Veszprém,Szentjakabfa,179
Veszprém,Szentkirályszabadja,204
Veszprém,Szigliget,178
Veszprém,Szőc,148
Veszprém,Tagyon,179
Veszprém,Takácsi,123
Veszprém,Taliándörögd,179
Veszprém,Tapolca,178
Veszprém,Tés,211
Veszprém,Tihany,181
Veszprém,Tótvázsony,203
Veszprém,Tüskevár,25
Veszprém,Ugod,125
Veszprém,Ukk,148
Veszprém,Úrkút,203
Veszprém,Uzsa,78
Veszprém,Vanyola,123
Veszprém,Várkesző,136
Veszprém,Városlőd,202
Veszprém,Várpalota,201
Veszprém,Vaszar,123
Veszprém,Vászoly,180
Veszprém,Veszprém,202
Veszprém,Veszprémfajsz,204
Veszprém,Veszprémgalsa,148
Veszprém,Veszprémvarsány,210
Veszprém,Vid,25
Veszprém,Vigántpetend,179
Veszprém,Vilonya,201
Veszprém,Vinár,124
Veszprém,Vöröstó,203
Veszprém,Zalaerdőd,147
Veszprém,Zalagyömörő,148
Veszprém,Zalahaláp,178
Veszprém,Zalameggyes,148
Veszprém,Zalaszegvár,148
Veszprém,Zánka,180
Veszprém,Zirc,211
Zala,Alibánfa,205
Zala,Almásháza,205
Zala,Alsónemesapáti,205
Zala,Alsópáhok,77
Zala,Alsórajk,114
Zala,Alsószenterzsébet,2
Zala,Babosdöbréte,207
Zala,Baglad,1
Zala,Bagod,206
Zala,Bak,206
Zala,Baktüttös,206
Zala,Balatongyörök,77
Zala,Balatonmagyaród,76
Zala,Bánokszentgyörgy,91
Zala,Barlahida,208
Zala,Batyk,205
Zala,Bázakerettye,91
Zala,Becsehely,90
Zala,Becsvölgye,209
Zala,Belezna,20
Zala,Belsősárd,1
Zala,Bezeréd,205
Zala,Bocfölde,206
Zala,Bocska,114
Zala,Bókaháza,77
Zala,Boncodfölde,207
Zala,Borsfa,91
Zala,Böde,209
Zala,Bödeháza,1
Zala,Börzönce,114
Zala,Búcsúszentlászló,205
Zala,Bucsuta,91
Zala,Csapi,114
Zala,Csatár,206
Zala,Cserszegtomaj,77
Zala,Csertalakos,208
Zala,Csesztreg,1
Zala,Csonkahegyhát,209
Zala,Csöde,209
Zala,Csömödér,91
Zala,Csörnyeföld,90
Zala,Dióskál,76
Zala,Dobri,90
Zala,Dobronhegy,207
Zala,Döbröce,147
Zala,Dötk,205
Zala,Egeraracsa,76
Zala,Egervár,194
Zala,Eszteregnye,114
Zala,Esztergályhorváti,77
Zala,Felsőpáhok,77
Zala,Felsőrajk,114
Zala,Felsőszenterzsébet,2
Zala,Fityeház,114
Zala,Fűzvölgy,114
Zala,Gáborjánháza,1
Zala,Galambok,114
Zala,Garabonc,114
Zala,Gellénháza,208
Zala,Gelse,114
Zala,Gelsesziget,114
Zala,Gétye,76
Zala,Gombosszeg,209
Zala,Gosztola,1
Zala,Gősfa,194
Zala,Gutorfölde,208
Zala,Gyenesdiás,77
Zala,Gyűrűs,205
Zala,Hagyárosbörönd,207
Zala,Hahót,114
Zala,Hernyék,91
Zala,Hévíz,77
Zala,Homokkomárom,114
Zala,Hosszúvölgy,114
Zala,Hottó,207
Zala,Iborfia,208
Zala,Iklódbördőce,1
Zala,Kacorlak,114
Zala,Kallósd,205
Zala,Kálócfa,2
Zala,Kányavár,91
Zala,Karmacs,77
Zala,Kávás,207
Zala,Kehidakustány,77
Zala,Kemendollár,205
Zala,Keménfa,207
Zala,Kerecseny,114
Zala,Kerkabarabás,1
Zala,Kerkafalva,2
Zala,Kerkakutas,2
Zala,Kerkaszentkirály,90
Zala,Kerkateskánd,1
Zala,Keszthely,77
Zala,Kilimán,114
Zala,Kisbucsa,205
Zala,Kiscsehi,91
Zala,Kisgörbő,147
Zala,Kiskutas,206
Zala,Kispáli,206
Zala,Kisrécse,114
Zala,Kistolmács,91
Zala,Kisvásárhely,147
Zala,Kissziget,91
Zala,Kozmadombja,2
Zala,Kustánszeg,209
Zala,Külsősárd,1
Zala,Lakhegy,194
Zala,Lasztonya,91
Zala,Lendvadedes,1
Zala,Lendvajakabfa,1
Zala,Lenti,1
Zala,Letenye,90
Zala,Lickóvadamos,208
Zala,Ligetfalva,77
Zala,Lispeszentadorján,91
Zala,Liszó,20
Zala,Lovászi,90
Zala,Magyarföld,2
Zala,Magyarszentmiklós,114
Zala,Magyarszerdahely,114
Zala,Maróc,91
Zala,Márokföld,2
Zala,Miháld,21
Zala,Mihályfa,147
Zala,Mikekarácsonyfa,208
Zala,Milejszeg,209
Zala,Misefa,205
Zala,Molnári,90
Zala,Murakeresztúr,114
Zala,Murarátka,90
Zala,Muraszemenye,90
Zala,Nagybakónak,114
Zala,Nagygörbő,147
Zala,Nagykanizsa,114
Zala,Nagykapornak,205
Zala,Nagykutas,206
Zala,Nagylengyel,208
Zala,Nagypáli,206
Zala,Nagyrada,114
Zala,Nagyrécse,114
Zala,Nemesapáti,205
Zala,Nemesbük,77
Zala,Nemeshetés,205
Zala,Nemesnép,1
Zala,Nemespátró,20
Zala,Nemesrádó,205
Zala,Nemessándorháza,205
Zala,Nemesszentandrás,205
Zala,Németfalu,209
Zala,Nova,208
Zala,Óhíd,147
Zala,Oltárc,91
Zala,Orbányosfa,205
Zala,Ormándlak,208
Zala,Orosztony,114
Zala,Ortaháza,91
Zala,Ozmánbük,207
Zala,Pacsa,76
Zala,Padár,205
Zala,Páka,91
Zala,Pakod,205
Zala,Pálfiszeg,209
Zala,Pat,21
Zala,Pethőhenye,206
Zala,Petrikeresztúr,208
Zala,Petrivente,90
Zala,Pókaszepetk,205
Zala,Pórszombat,2
Zala,Pölöske,205
Zala,Pölöskefő,114
Zala,Pördefölde,91
Zala,Pötréte,114
Zala,Pusztaapáti,209
Zala,Pusztaederics,208
Zala,Pusztamagyaród,91
Zala,Pusztaszentlászló,206
Zala,Ramocsa,2
Zala,Rédics,1
Zala,Resznek,1
Zala,Rezi,77
Zala,Rigyác,114
Zala,Salomvár,207
Zala,Sand,21
Zala,Sárhida,206
Zala,Sármellék,77
Zala,Semjénháza,90
Zala,Sénye,146
Zala,Sormás,114
Zala,Söjtör,206
Zala,Surd,20
Zala,Sümegcsehi,147
Zala,Szalapa,147
Zala,Szécsisziget,1
Zala,Szentgyörgyvár,77
Zala,Szentgyörgyvölgy,2
Zala,Szentkozmadombja,208
Zala,Szentliszló,91
Zala,Szentmargitfalva,91
Zala,Szentpéterfölde,208
Zala,Szentpéterúr,76
Zala,Szepetnek,114
Zala,Szijártóháza,1
Zala,Szilvágy,209
Zala,Tekenye,146
Zala,Teskánd,206
Zala,Tilaj,77
Zala,Tófej,206
Zala,Tormafölde,1
Zala,Tornyiszentmiklós,90
Zala,Tótszentmárton,90
Zala,Tótszerdahely,90
Zala,Türje,147
Zala,Újudvar,114
Zala,Valkonya,91
Zala,Vállus,77
Zala,Várfölde,91
Zala,Várvölgy,77
Zala,Vasboldogasszony,194
Zala,Vaspör,207
Zala,Vindornyafok,77
Zala,Vindornyalak,77
Zala,Vindornyaszőlős,147
Zala,Vonyarcvashegy,77
Zala,Vöckönd,205
Zala,Zajk,91
Zala,Zalaapáti,77
Zala,Zalabaksa,1
Zala,Zalabér,205
Zala,Zalaboldogfa,206
Zala,Zalacsány,77
Zala,Zalacséb,207
Zala,Zalaegerszeg,206
Zala,Zalaháshágy,207
Zala,Zalaigrice,76
Zala,Zalaistvánd,205
Zala,Zalakaros,114
Zala,Zalakomár,76
Zala,Zalaköveskút,77
Zala,Zalalövő,207
Zala,Zalamerenye,114
Zala,Zalasárszeg,114
Zala,Zalaszabar,114
Zala,Zalaszántó,77
Zala,Zalaszentbalázs,114
Zala,Zalaszentgrót,146
Zala,Zalaszentgyörgy,206
Zala,Zalaszentiván,205
Zala,Zalaszentjakab,114
Zala,Zalaszentlászló,146
Zala,Zalaszentlőrinc,205
Zala,Zalaszentmárton,77
Zala,Zalaszentmihály,205
Zala,Zalaszombatfa,1
Zala,Zalatárnok,208
Zala,Zalaújlak,114
Zala,Zalavár,77
Zala,Zalavég,205
Zala,Zebecke,91
